/*
 * Licensed to the Apache Software Foundation (ASF) under one
 * or more contributor license agreements.  See the NOTICE file
 * distributed with this work for additional information
 * regarding copyright ownership.  The ASF licenses this file
 * to you under the Apache License, Version 2.0 (the
 * "License"); you may not use this file except in compliance
 * with the License.  You may obtain a copy of the License at
 *
 *   http://www.apache.org/licenses/LICENSE-2.0
 *
 * Unless required by applicable law or agreed to in writing,
 * software distributed under the License is distributed on an
 * "AS IS" BASIS, WITHOUT WARRANTIES OR CONDITIONS OF ANY
 * KIND, either express or implied.  See the License for the
 * specific language governing permissions and limitations
 * under the License.
 *
 * Apache Airavata - Dev devstack tenant seed
 *
 * Deterministic initial tenant state for the local devstack, applied to a fresh
 * database by MariaDB's /docker-entrypoint-initdb.d AFTER the V1 baseline schema
 * and BEFORE the server starts. Replaces the former Java Dev*Initializer beans.
 *
 * Contents: default gateway + sharing domain/entity-types/permission-types,
 * gateway groups + memberships, the dev SSH credential (encrypted with the
 * committed conf/keystores/airavata.sym.p12), SFTP storage, docker-SLURM compute
 * resource + 'normal' queue + group resource profile, the Echo application, the
 * Default Project, and all sharing grants to default-admin's admin groups.
 *
 * Runtime/experiment rows are intentionally excluded.
 */

SET FOREIGN_KEY_CHECKS=0;

-- catalog + IAM + sharing-registry seed rows
SET @OLD_AUTOCOMMIT=@@AUTOCOMMIT, @@AUTOCOMMIT=0;
COMMIT;
SET AUTOCOMMIT=@OLD_AUTOCOMMIT;
SET @OLD_AUTOCOMMIT=@@AUTOCOMMIT, @@AUTOCOMMIT=0;
INSERT INTO `app_io_param` (`PARAM_ID`, `APPLICATION_ARGUMENT`, `DATA_MOVEMENT`, `DATA_STAGED`, `DIRECTION`, `INPUT_ORDER`, `INTERFACE_ID`, `IS_READ_ONLY`, `IS_REQUIRED`, `LOCATION`, `METADATA`, `PARAM_NAME`, `OUTPUT_STREAMING`, `OVERRIDE_FILENAME`, `REQUIRED_TO_ADDED_TO_CMD`, `SEARCH_QUERY`, `STANDARD_INPUT`, `DATA_TYPE`, `USER_FRIENDLY_DESCRIPTION`, `PARAM_VALUE`) VALUES ('22620216-b49b-4a1e-ba5e-ef37f304249a','',0x00,0x00,'OUTPUT',0,'Echo_d3d099ca-a1a0-4749-a831-0fab754c9946',0x00,0x01,'','','Echo_Output',0x00,NULL,0x00,'',0x00,'STDOUT',NULL,'');
INSERT INTO `app_io_param` (`PARAM_ID`, `APPLICATION_ARGUMENT`, `DATA_MOVEMENT`, `DATA_STAGED`, `DIRECTION`, `INPUT_ORDER`, `INTERFACE_ID`, `IS_READ_ONLY`, `IS_REQUIRED`, `LOCATION`, `METADATA`, `PARAM_NAME`, `OUTPUT_STREAMING`, `OVERRIDE_FILENAME`, `REQUIRED_TO_ADDED_TO_CMD`, `SEARCH_QUERY`, `STANDARD_INPUT`, `DATA_TYPE`, `USER_FRIENDLY_DESCRIPTION`, `PARAM_VALUE`) VALUES ('f7e8d9c0-1a2b-4c3d-9e4f-5a6b7c8d9e0f','',0x00,0x00,'INPUT',0,'Echo_d3d099ca-a1a0-4749-a831-0fab754c9946',0x00,0x01,NULL,'','Experiment_Duration',0x00,'',0x01,NULL,0x00,'INTEGER','Seconds to sleep in the SLURM job before echoing the output','60');
INSERT INTO `app_io_param` (`PARAM_ID`, `APPLICATION_ARGUMENT`, `DATA_MOVEMENT`, `DATA_STAGED`, `DIRECTION`, `INPUT_ORDER`, `INTERFACE_ID`, `IS_READ_ONLY`, `IS_REQUIRED`, `LOCATION`, `METADATA`, `PARAM_NAME`, `OUTPUT_STREAMING`, `OVERRIDE_FILENAME`, `REQUIRED_TO_ADDED_TO_CMD`, `SEARCH_QUERY`, `STANDARD_INPUT`, `DATA_TYPE`, `USER_FRIENDLY_DESCRIPTION`, `PARAM_VALUE`) VALUES ('c2ac72e6-5529-47e7-91e4-ef41ca426459','',0x00,0x00,'INPUT',1,'Echo_d3d099ca-a1a0-4749-a831-0fab754c9946',0x00,0x01,NULL,'','Input_to_Echo',0x00,'',0x01,NULL,0x00,'STRING','Message echoed by the application','Hello, Airavata!');
COMMIT;
SET AUTOCOMMIT=@OLD_AUTOCOMMIT;
SET @OLD_AUTOCOMMIT=@@AUTOCOMMIT, @@AUTOCOMMIT=0;
INSERT INTO `app_module_mapping` (`INTERFACE_ID`, `MODULE_ID`) VALUES ('Echo_d3d099ca-a1a0-4749-a831-0fab754c9946','Echo_da1c0c0f-5b47-4da2-a4fb-b6a6792b910d');
COMMIT;
SET AUTOCOMMIT=@OLD_AUTOCOMMIT;
SET @OLD_AUTOCOMMIT=@@AUTOCOMMIT, @@AUTOCOMMIT=0;
INSERT INTO `application_deployment` (`DEPLOYMENT_ID`, `APPLICATION_DESC`, `APP_MODULE_ID`, `COMPUTE_HOSTID`, `CREATION_TIME`, `DEFAULT_CPU_COUNT`, `DEFAULT_NODE_COUNT`, `DEFAULT_QUEUE_NAME`, `DEFAULT_WALLTIME`, `EDITABLE_BY_USER`, `ENV_MODULE_LOAD_CMD`, `EXECUTABLE_PATH`, `GATEWAY_ID`, `LIB_APPEND_PATHS_JSON`, `LIB_PREPEND_PATHS_JSON`, `MODULE_LOAD_CMDS_JSON`, `parallelism`, `POSTJOB_CMDS_JSON`, `PREJOB_CMDS_JSON`, `SET_ENVIRONMENT_JSON`, `UPDATE_TIME`) VALUES ('slurm_Echo_da1c0c0f-5b47-4da2-a4fb-b6a6792b910d','Echo deployment on the dev SLURM cluster','Echo_da1c0c0f-5b47-4da2-a4fb-b6a6792b910d','slurm_6afa587c-d5c0-42e6-a998-f8478ad8e404','2026-06-12 19:41:16.458000',0,0,'',0,0x00,NULL,'/usr/local/bin/echo_sleep','default',NULL,NULL,NULL,'SERIAL',NULL,NULL,NULL,'2026-06-12 19:41:16.458000');
COMMIT;
SET AUTOCOMMIT=@OLD_AUTOCOMMIT;
SET @OLD_AUTOCOMMIT=@@AUTOCOMMIT, @@AUTOCOMMIT=0;
INSERT INTO `application_interface` (`INTERFACE_ID`, `APPLICATION_DESCRIPTION`, `APPLICATION_NAME`, `ARCHIVE_WORKING_DIRECTORY`, `CLEAN_AFTER_STAGED`, `CREATION_TIME`, `GATEWAY_ID`, `HAS_OPTIONAL_FILE_INPUTS`, `UPDATE_TIME`) VALUES ('Echo_d3d099ca-a1a0-4749-a831-0fab754c9946','Echo application interface','Echo',0x00,0x00,'2026-06-12 19:41:16.450000','default',0x00,'2026-06-12 19:41:16.450000');
COMMIT;
SET AUTOCOMMIT=@OLD_AUTOCOMMIT;
SET @OLD_AUTOCOMMIT=@@AUTOCOMMIT, @@AUTOCOMMIT=0;
INSERT INTO `application_module` (`MODULE_ID`, `MODULE_DESC`, `MODULE_NAME`, `MODULE_VERSION`, `CREATION_TIME`, `GATEWAY_ID`, `UPDATE_TIME`) VALUES ('Echo_da1c0c0f-5b47-4da2-a4fb-b6a6792b910d','Simple echo utility for testing','Echo','1.0','2026-06-12 19:41:16.447000','default','2026-06-12 19:41:16.447000');
COMMIT;
SET AUTOCOMMIT=@OLD_AUTOCOMMIT;
SET @OLD_AUTOCOMMIT=@@AUTOCOMMIT, @@AUTOCOMMIT=0;
COMMIT;
SET AUTOCOMMIT=@OLD_AUTOCOMMIT;
SET @OLD_AUTOCOMMIT=@@AUTOCOMMIT, @@AUTOCOMMIT=0;
INSERT INTO `batch_queue` (`COMPUTE_RESOURCE_ID`, `QUEUE_NAME`, `CPU_PER_NODE`, `DEFAULT_CPU_COUNT`, `DEFAULT_NODE_COUNT`, `DEFAULT_WALLTIME`, `IS_DEFAULT_QUEUE`, `MAX_JOB_IN_QUEUE`, `MAX_MEMORY`, `MAX_NODES`, `MAX_PROCESSORS`, `MAX_RUNTIME`, `QUEUE_DESCRIPTION`, `QUEUE_SPECIFIC_MACROS`) VALUES ('slurm_6afa587c-d5c0-42e6-a998-f8478ad8e404','normal',1,1,1,10,0x01,0,0,2,4,60,'Default dev SLURM queue','');
COMMIT;
SET AUTOCOMMIT=@OLD_AUTOCOMMIT;
SET @OLD_AUTOCOMMIT=@@AUTOCOMMIT, @@AUTOCOMMIT=0;
COMMIT;
SET AUTOCOMMIT=@OLD_AUTOCOMMIT;
SET @OLD_AUTOCOMMIT=@@AUTOCOMMIT, @@AUTOCOMMIT=0;
COMMIT;
SET AUTOCOMMIT=@OLD_AUTOCOMMIT;
SET @OLD_AUTOCOMMIT=@@AUTOCOMMIT, @@AUTOCOMMIT=0;
INSERT INTO `compute_resource` (`RESOURCE_ID`, `CPUS_PER_NODE`, `CREATION_TIME`, `DEFAULT_CPU_COUNT`, `DEFAULT_NODE_COUNT`, `DEFAULT_WALLTIME`, `ENABLED`, `FILE_SYSTEMS_JSON`, `GATEWAY_USAGE_EXECUTABLE`, `GATEWAY_USAGE_MODULE_LOAD_CMD`, `GATEWAY_USAGE_REPORTING`, `HOST_NAME`, `MAX_MEMORY_NODE`, `RESOURCE_DESCRIPTION`, `SSH_PORT`, `UPDATE_TIME`, `RESOURCE_JOB_MANAGER_ID`) VALUES ('slurm_6afa587c-d5c0-42e6-a998-f8478ad8e404',0,NULL,0,0,0,1,NULL,'','',0x00,'slurm',0,'Dev SLURM cluster (docker)',22,NULL,'RJM_c1adaea9-4aed-494f-9f75-8e285c8cd96b');
COMMIT;
SET AUTOCOMMIT=@OLD_AUTOCOMMIT;
SET @OLD_AUTOCOMMIT=@@AUTOCOMMIT, @@AUTOCOMMIT=0;
COMMIT;
SET AUTOCOMMIT=@OLD_AUTOCOMMIT;
SET @OLD_AUTOCOMMIT=@@AUTOCOMMIT, @@AUTOCOMMIT=0;
COMMIT;
SET AUTOCOMMIT=@OLD_AUTOCOMMIT;
SET @OLD_AUTOCOMMIT=@@AUTOCOMMIT, @@AUTOCOMMIT=0;
COMMIT;
SET AUTOCOMMIT=@OLD_AUTOCOMMIT;
SET @OLD_AUTOCOMMIT=@@AUTOCOMMIT, @@AUTOCOMMIT=0;
COMMIT;
SET AUTOCOMMIT=@OLD_AUTOCOMMIT;
SET @OLD_AUTOCOMMIT=@@AUTOCOMMIT, @@AUTOCOMMIT=0;
COMMIT;
SET AUTOCOMMIT=@OLD_AUTOCOMMIT;
SET @OLD_AUTOCOMMIT=@@AUTOCOMMIT, @@AUTOCOMMIT=0;
COMMIT;
SET AUTOCOMMIT=@OLD_AUTOCOMMIT;
SET @OLD_AUTOCOMMIT=@@AUTOCOMMIT, @@AUTOCOMMIT=0;
INSERT INTO `credentials` (`GATEWAY_ID`, `TOKEN_ID`, `CREDENTIAL`, `DESCRIPTION`, `PORTAL_USER_ID`, `TIME_PERSISTED`) VALUES ('default','24bc9035-9bf9-4f4e-ad0b-0ca18651c475',0x9E84F4E3E50D7B5F1D5F1942EC1729C57A7F9F96544EAAA7190EC3BD9FE7D10EF9ED3C2E4025CA58A3DD5116E4610D23F049E0343801A98C3B7F605702AA2F8730FCB5B5FD2F071581E56B4113CFEFC0BE76EE01588AEF931F39F4FDD2450C5B888794F2E5F5EDB3DB6EAD558F5A681DEE76C43716B5530C4CAAF7030FE38767DC64F0C26A5D628E675AC23BE0C8D10727E05416F8F40ED4EE807CD827CCD237CA774F7B512C2ACECF01AFD66A722F1F645707EA4053E8371A3AA4736E3268563F4F670B05F1706165C24B19A607E1A2DA6C16F34E9D8609C5BD6658239047AC553B4B4A8331FE95C6F7287350C7FE7422FA7EE46535137501B69DC8F03EF5A0E8D034BEB0566F546798315AF7D26FAC0E61F08B6F2431FD506C2829B4B279CE4E7102A6B2521D7E79ACAB1AE2BABC327BE8D2F374A105B9C2660CEFB5A3C33FA6576C0F399C72FAB3628D27B960DF5A784963727632F268DFA86E10662FEA72CD5B7EFD8878C2836FC7A33FB3F3BDF83D8C7EE20D39F2E9DD8EC2F1E19DC5C24AFD9BAA5FFE4DA996B9CCDAEF53B477936FD1B177EAF1AE42FFE3F6470AED9129F91D0F34196CD1E86B2D621615DE2BB555D311DBF877138BA8AA78FBC47CD6AFF79D8E91523EC6A1B739AE6A091EBBBC674933D49B64D05A1A909AAA49577DF81BEB67B8C050CEDD67C10985A8A915442D5C2FA22BC7CB20E8E33AF23E2012059506831D658703CFEF663CE4D58E3FE1F328CEEBEB9552A292C5967D9042AD9F26E30E18762EE0E127A536EDF8907B091870E6AA403FA92AD0F166079B32CDC8C6433E6DB753A5C7F46DE8F8191B55A3E4F61496257B92D54F1DC55F2CEFD2D89AB07C43DE825A3C36972D01EACDD1DC2233BAF0ACFB74357EB713481478DEDB5AAB8BB7B254218FF96811BFE776791D5AB3D2C3A8C09E37AFEC89A2F3C5F3AB25B19841D5BEA9B5B9FE8F35EA249ECE759DCAE240C3FBDF57571FD1A5C8D9CFFF4EC6BF2C0CEBF7B982D2CF09BF970643A9455258E74E962B9557211D5903AE10278DE1D15FE8BB5D3328D92839C512A7905C2D8106189E49ABCA9671D05F8AB3BD7333B7AD6843DFBEF76720F6D39EDE833075281A2F1CE088B53579E2A8FD682781F8935ECC32010DD5CD767B9243070EAE1619C2688C845CC3F2B477590DDA93A47E2E6EFC4E438796280955098E0D9943FF48F9CA29BC56BACEE07FCD81F8AA6993EF838D2DBD5677ABC4FB94B0D66B757030A9E16D9C1AD9F18F4B95E5191FCDF53B2A2F58631EF6DDBC1EAB2272FD74F64FFEFC5F0C3A339B28BE7A2C2D7F2EEB05CCC47BB42E21D023E5FB402367AE8ABE5D08661FEE8C2AA88D9EEA6060E9783D423773BA77CE356752E264DA57CABE6306BD753A33A79137A4BFE301709EE9C2FDCD1CF6CAF0B8CA798B6C0AA480962FA4056B01FF5F4A4E1981CEC85AB1EC5FA8E92ED554820D0470F14DEA54900465CFE33A517FF80D10C39A71EF59558E4763F89164EA953988AE81FFCBBF3FF42EFB24BC71F36F0BEF72B1B07CA93095DDB1EE07E4A4CCCBB74A0753D1F89273C30388E5A0D2F047D5E48856683504B4B721D118D0433D7B3FDA19F796776C5DF2841045D151633045480D4AD0C985D0C3701A569530B6D96466E57CECBFD614E02379E9DEA9188C444C41C8ED45220526D8A318573F763E5C573156717A16A0548BCE8A382D0E6144C7BF2B152D97FE1060754C7B4108DCB05A7BC3E47D76DD6705FA971816B7CE42BE7276DA4753A508825020CF8D931A533BF490D88C1487D6BB081B3079E7F97C21711FCF83077EFE72C26564EBD2E93EABB0FC9D8A751DCF5B8C1E951B51A70A36F48DA6CC63BF89395AA05636F253FD176654B1B67EA35680747D9C500332D7985700F52DEEA575F74448F901BF2E1F72B9CD23D1F835B0B0FC1B1BCA801EB856CE8225C6C273750F5C18561FFBE0CCC21A5B25E6AE26552B92480892A21371129DB92267105A81A1DEF69BC6FF9E28672D782AFA1E1298567A1ABFCA66F2168D86F147F1F87C140769307FD1F8CCCB25D6356B4FE67C70EBC189083D0D02E3776464EA1E5F3A36E9A2C8869AEB8FBD6F9F9FB961B888BECD4AC7AE2AB2BF327A4E5F75731F596AFE75D4D82E5518E590BE82A33E2A2EAC4C454D6EE176C3CA82F403AA985182320A35E0A41CDB3E7939AAA39177BFBDB869644590B12AE6B8945E814A654C65AFE08021167F0DD6EA4E3BD37E4D71F3CC0B1CD1EF4E427F7AA02789AD8A5823A026AC3BA0699166C0289408F0D6305CC252C006F728CAB43D1D0F67E98612DF65534217F29B80A3D783E1C1156FB776B1CA68CDE4F93EA01921F4EBD25B7A460EE36871D3F7323BEB797AF0FA5A018E3BA2993837627077487F787CFB288A6D0904D69F7BAD15DED4FA35242A5DFFD856C07A0173A1445B7FE0EC91E193CDE7C7F42F0B02A4EEC53E848C6BF491D60C7815299A65B5719D57012095B68502D866FA19898F0D42A6D0717FEE67D8F7A2623FAC2612F0BCB6FD6EC26507B05BBD4180B547FA31E8C9FA43C30759560270FD19732251A529B4FED57D11F1A921639BC2D7C217401553067A6890287C4CED3E57342C083D1BE8B283AC803A9B6114C016BB3641AC39200576220FDBC977A047D1B73BDDC6C3434A4B50F763BBE5CD86E9B850373511BDC1C0557AD10D5B1616307913433B0A93D2C1FB63C3C91F3B3F4E7BEF906CEA737A986CB7729C784B42B41811621A6C82B0EDF2926E89F7BDEF51EAD9959C2BB2439805B42DF53218332619A786EE611F5C8BECEEB60A26BC29C3910BD83310AB9492E602AC58D418A8866FBB416962F84E5D152EEB7A3DA406C7FBB158DC633D8A5C0A25F7CD1CE80EC17EF5AE459B0C14805C9FEEFB71C1E5D510878DBEC59F7D3D62B2683A7D5023EFDDFEE03CD9ACB396514B423BA5F731BAFB41B66DF41039F664677F1D8CD8C3D19199983565D1D4A6811D901F759990CD06F1B798A465DE316CFDE9F69A6BD5447084800898D6E6D306863D2DCE42A044036CB5F7F3348C5F0A8BD867827A935907CB60003BEF9959D616C1DBB645961BF575EC3D353A14AA42EC4A2B02897E2E4D4EE0BD4BD4C351D4E9B40DB9EA174BEB6215436B5E8793DA1410A7F4681F4850AD8C72E35E358C2F6EDB333AF356BDF1246940408077C92594C029989DCDBC782E8A7CE63447AA6B5EC9765167BAD471EDB0824C9FC6DE42C3F5FB0D3DD8935BFB14AA82B67488A030585D41F2556E347348F40494CD95FCF0E015C1D486CDFA6FD506B8C1B767AB4D7614185C6D0738C338EF8310F80B5D535572DDFB73B5F3260DBCCD2BC6DB1460B939A0750F7583F0CEEC70EEA509DAE4897D901F0585BB335BF30F5859FAE3CAEE,'Dev SFTP','default-admin','2026-06-12 19:41:16.284000');
COMMIT;
SET AUTOCOMMIT=@OLD_AUTOCOMMIT;
SET @OLD_AUTOCOMMIT=@@AUTOCOMMIT, @@AUTOCOMMIT=0;
COMMIT;
SET AUTOCOMMIT=@OLD_AUTOCOMMIT;
SET @OLD_AUTOCOMMIT=@@AUTOCOMMIT, @@AUTOCOMMIT=0;
INSERT INTO `domain` (`DOMAIN_ID`, `CREATED_TIME`, `DESCRIPTION`, `INITIAL_USER_GROUP_ID`, `NAME`, `UPDATED_TIME`) VALUES ('default',1781293274015,'Sharing domain for default',NULL,'Gateway default',1781293274015);
COMMIT;
SET AUTOCOMMIT=@OLD_AUTOCOMMIT;
SET @OLD_AUTOCOMMIT=@@AUTOCOMMIT, @@AUTOCOMMIT=0;
INSERT INTO `entity_type` (`ENTITY_TYPE_ID`, `DOMAIN_ID`, `CREATED_TIME`, `DESCRIPTION`, `NAME`, `UPDATED_TIME`) VALUES ('default:APPLICATION_DEPLOYMENT','default',1781293274027,'APPLICATION_DEPLOYMENT entity type','APPLICATION_DEPLOYMENT',1781293274027);
INSERT INTO `entity_type` (`ENTITY_TYPE_ID`, `DOMAIN_ID`, `CREATED_TIME`, `DESCRIPTION`, `NAME`, `UPDATED_TIME`) VALUES ('default:CREDENTIAL_TOKEN','default',1781293274031,'CREDENTIAL_TOKEN entity type','CREDENTIAL_TOKEN',1781293274031);
INSERT INTO `entity_type` (`ENTITY_TYPE_ID`, `DOMAIN_ID`, `CREATED_TIME`, `DESCRIPTION`, `NAME`, `UPDATED_TIME`) VALUES ('default:EXPERIMENT','default',1781293274023,'EXPERIMENT entity type','EXPERIMENT',1781293274023);
INSERT INTO `entity_type` (`ENTITY_TYPE_ID`, `DOMAIN_ID`, `CREATED_TIME`, `DESCRIPTION`, `NAME`, `UPDATED_TIME`) VALUES ('default:FILE','default',1781293274025,'FILE entity type','FILE',1781293274025);
INSERT INTO `entity_type` (`ENTITY_TYPE_ID`, `DOMAIN_ID`, `CREATED_TIME`, `DESCRIPTION`, `NAME`, `UPDATED_TIME`) VALUES ('default:GROUP_RESOURCE_PROFILE','default',1781293274029,'GROUP_RESOURCE_PROFILE entity type','GROUP_RESOURCE_PROFILE',1781293274029);
INSERT INTO `entity_type` (`ENTITY_TYPE_ID`, `DOMAIN_ID`, `CREATED_TIME`, `DESCRIPTION`, `NAME`, `UPDATED_TIME`) VALUES ('default:PROJECT','default',1781293274020,'PROJECT entity type','PROJECT',1781293274020);
COMMIT;
SET AUTOCOMMIT=@OLD_AUTOCOMMIT;
SET @OLD_AUTOCOMMIT=@@AUTOCOMMIT, @@AUTOCOMMIT=0;
INSERT INTO `gateway` (`GATEWAY_ID`, `AIRAVATA_INTERNAL_GATEWAY_ID`, `DECLINED_REASON`, `DOMAIN`, `EMAIL_ADDRESS`, `GATEWAY_ACRONYM`, `GATEWAY_ADMIN_EMAIL`, `GATEWAY_ADMIN_FIRST_NAME`, `GATEWAY_ADMIN_LAST_NAME`, `GATEWAY_APPROVAL_STATUS`, `GATEWAY_NAME`, `GATEWAY_PUBLIC_ABSTRACT`, `GATEWAY_URL`, `IDENTITY_SERVER_PASSWORD_TOKEN`, `IDENTITY_SERVER_USERNAME`, `OAUTH_CLIENT_ID`, `OAUTH_CLIENT_SECRET`, `REQUEST_CREATION_TIME`, `REQUESTER_USERNAME`, `GATEWAY_REVIEW_PROPOSAL_DESCRIPTION`) VALUES ('default','','','','','','','','','APPROVED','','','','','','pga','m36BXQIxX3j3VILadeHMK5IvbOeRlCCc','2026-06-12 19:41:13.989000','','');
COMMIT;
SET AUTOCOMMIT=@OLD_AUTOCOMMIT;
SET @OLD_AUTOCOMMIT=@@AUTOCOMMIT, @@AUTOCOMMIT=0;
INSERT INTO `gateway_groups` (`GATEWAY_ID`, `ADMINS_GROUP_ID`, `DEFAULT_GATEWAY_USERS_GROUP_ID`, `READ_ONLY_ADMINS_GROUP_ID`) VALUES ('default','Admin_Users_05989da3-cb34-4c74-8a73-3f44b6a6a2b2','Gateway_Users_1ed2e07f-b4da-4220-a387-5afbd22c4c44','Read_Only_Admin_Users_d99f80d1-ddbb-4433-8fea-ca5c4ba1aa87');
COMMIT;
SET AUTOCOMMIT=@OLD_AUTOCOMMIT;
SET @OLD_AUTOCOMMIT=@@AUTOCOMMIT, @@AUTOCOMMIT=0;
INSERT INTO `gateway_profile` (`GATEWAY_ID`, `CREATION_TIME`, `CS_TOKEN`, `IDENTITY_SERVER_PWD_CRED_TOKEN`, `IDENTITY_SERVER_TENANT`, `UPDATE_TIME`) VALUES ('default','2026-06-12 19:41:14.010000','24bc9035-9bf9-4f4e-ad0b-0ca18651c475','','default',NULL);
COMMIT;
SET AUTOCOMMIT=@OLD_AUTOCOMMIT;
SET @OLD_AUTOCOMMIT=@@AUTOCOMMIT, @@AUTOCOMMIT=0;
COMMIT;
SET AUTOCOMMIT=@OLD_AUTOCOMMIT;
SET @OLD_AUTOCOMMIT=@@AUTOCOMMIT, @@AUTOCOMMIT=0;
COMMIT;
SET AUTOCOMMIT=@OLD_AUTOCOMMIT;
SET @OLD_AUTOCOMMIT=@@AUTOCOMMIT, @@AUTOCOMMIT=0;
INSERT INTO `group_compute_resource_preference` (`RESOURCE_TYPE`, `RESOURCE_ID`, `GROUP_RESOURCE_PROFILE_ID`, `LOGIN_USERNAME`, `OVERRIDE_BY_AIRAVATA`, `RESOURCE_CS_TOKEN`, `SCRATCH_LOCATION`) VALUES ('SLURM','slurm_6afa587c-d5c0-42e6-a998-f8478ad8e404','9ccebd74-1dfb-404d-820d-be16c03af5b6','airavata',0,'24bc9035-9bf9-4f4e-ad0b-0ca18651c475','/home/airavata');
COMMIT;
SET AUTOCOMMIT=@OLD_AUTOCOMMIT;
SET @OLD_AUTOCOMMIT=@@AUTOCOMMIT, @@AUTOCOMMIT=0;
INSERT INTO `group_membership` (`PARENT_ID`, `DOMAIN_ID`, `CHILD_ID`, `CHILD_TYPE`, `CREATED_TIME`, `UPDATED_TIME`) VALUES ('Admin_Users_05989da3-cb34-4c74-8a73-3f44b6a6a2b2','default','default-admin@default','USER',1781293276401,1781293276401);
INSERT INTO `group_membership` (`PARENT_ID`, `DOMAIN_ID`, `CHILD_ID`, `CHILD_TYPE`, `CREATED_TIME`, `UPDATED_TIME`) VALUES ('Gateway_Users_1ed2e07f-b4da-4220-a387-5afbd22c4c44','default','default-admin@default','USER',1781293276398,1781293276398);
INSERT INTO `group_membership` (`PARENT_ID`, `DOMAIN_ID`, `CHILD_ID`, `CHILD_TYPE`, `CREATED_TIME`, `UPDATED_TIME`) VALUES ('Read_Only_Admin_Users_d99f80d1-ddbb-4433-8fea-ca5c4ba1aa87','default','default-admin@default','USER',1781293276405,1781293276405);
COMMIT;
SET AUTOCOMMIT=@OLD_AUTOCOMMIT;
SET @OLD_AUTOCOMMIT=@@AUTOCOMMIT, @@AUTOCOMMIT=0;
INSERT INTO `group_resource_profile` (`GROUP_RESOURCE_PROFILE_ID`, `CREATION_TIME`, `DEFAULT_CREDENTIAL_STORE_TOKEN`, `GATEWAY_ID`, `GROUP_RESOURCE_PROFILE_NAME`, `UPDATE_TIME`) VALUES ('9ccebd74-1dfb-404d-820d-be16c03af5b6',1781293276367,'','default','Dev SLURM Group Resource Profile',1781293276367);
COMMIT;
SET AUTOCOMMIT=@OLD_AUTOCOMMIT;
SET @OLD_AUTOCOMMIT=@@AUTOCOMMIT, @@AUTOCOMMIT=0;
COMMIT;
SET AUTOCOMMIT=@OLD_AUTOCOMMIT;
SET @OLD_AUTOCOMMIT=@@AUTOCOMMIT, @@AUTOCOMMIT=0;
COMMIT;
SET AUTOCOMMIT=@OLD_AUTOCOMMIT;
SET @OLD_AUTOCOMMIT=@@AUTOCOMMIT, @@AUTOCOMMIT=0;
INSERT INTO `job_manager_command` (`COMMAND_TYPE`, `RESOURCE_JOB_MANAGER_ID`, `COMMAND`) VALUES ('DELETION','RJM_c1adaea9-4aed-494f-9f75-8e285c8cd96b','scancel');
INSERT INTO `job_manager_command` (`COMMAND_TYPE`, `RESOURCE_JOB_MANAGER_ID`, `COMMAND`) VALUES ('JOB_MONITORING','RJM_c1adaea9-4aed-494f-9f75-8e285c8cd96b','squeue');
INSERT INTO `job_manager_command` (`COMMAND_TYPE`, `RESOURCE_JOB_MANAGER_ID`, `COMMAND`) VALUES ('SUBMISSION','RJM_c1adaea9-4aed-494f-9f75-8e285c8cd96b','sbatch');
COMMIT;
SET AUTOCOMMIT=@OLD_AUTOCOMMIT;
SET @OLD_AUTOCOMMIT=@@AUTOCOMMIT, @@AUTOCOMMIT=0;
COMMIT;
SET AUTOCOMMIT=@OLD_AUTOCOMMIT;
SET @OLD_AUTOCOMMIT=@@AUTOCOMMIT, @@AUTOCOMMIT=0;
COMMIT;
SET AUTOCOMMIT=@OLD_AUTOCOMMIT;
SET @OLD_AUTOCOMMIT=@@AUTOCOMMIT, @@AUTOCOMMIT=0;
COMMIT;
SET AUTOCOMMIT=@OLD_AUTOCOMMIT;
SET @OLD_AUTOCOMMIT=@@AUTOCOMMIT, @@AUTOCOMMIT=0;
COMMIT;
SET AUTOCOMMIT=@OLD_AUTOCOMMIT;
SET @OLD_AUTOCOMMIT=@@AUTOCOMMIT, @@AUTOCOMMIT=0;
INSERT INTO `permission_type` (`PERMISSION_TYPE_ID`, `DOMAIN_ID`, `CREATED_TIME`, `DESCRIPTION`, `NAME`, `UPDATED_TIME`) VALUES ('default:MANAGE_SHARING','default',1781293274036,'MANAGE_SHARING permission type','MANAGE_SHARING',1781293274036);
INSERT INTO `permission_type` (`PERMISSION_TYPE_ID`, `DOMAIN_ID`, `CREATED_TIME`, `DESCRIPTION`, `NAME`, `UPDATED_TIME`) VALUES ('default:OWNER','default',1781293274017,'GLOBAL permission to default','OWNER',1781293274017);
INSERT INTO `permission_type` (`PERMISSION_TYPE_ID`, `DOMAIN_ID`, `CREATED_TIME`, `DESCRIPTION`, `NAME`, `UPDATED_TIME`) VALUES ('default:READ','default',1781293274032,'READ permission type','READ',1781293274032);
INSERT INTO `permission_type` (`PERMISSION_TYPE_ID`, `DOMAIN_ID`, `CREATED_TIME`, `DESCRIPTION`, `NAME`, `UPDATED_TIME`) VALUES ('default:WRITE','default',1781293274034,'WRITE permission type','WRITE',1781293274034);
COMMIT;
SET AUTOCOMMIT=@OLD_AUTOCOMMIT;
SET @OLD_AUTOCOMMIT=@@AUTOCOMMIT, @@AUTOCOMMIT=0;
COMMIT;
SET AUTOCOMMIT=@OLD_AUTOCOMMIT;
SET @OLD_AUTOCOMMIT=@@AUTOCOMMIT, @@AUTOCOMMIT=0;
INSERT INTO `project` (`PROJECT_ID`, `CREATION_TIME`, `DESCRIPTION`, `GATEWAY_ID`, `PROJECT_NAME`, `USER_NAME`) VALUES ('Default_Project_ec7e6de9-2270-4b42-92bb-8f923fb5aac0','2026-06-12 19:41:16.484000','Default project seeded for the dev stack','default','Default Project','default-admin');
COMMIT;
SET AUTOCOMMIT=@OLD_AUTOCOMMIT;
SET @OLD_AUTOCOMMIT=@@AUTOCOMMIT, @@AUTOCOMMIT=0;
COMMIT;
SET AUTOCOMMIT=@OLD_AUTOCOMMIT;
SET @OLD_AUTOCOMMIT=@@AUTOCOMMIT, @@AUTOCOMMIT=0;
COMMIT;
SET AUTOCOMMIT=@OLD_AUTOCOMMIT;
SET @OLD_AUTOCOMMIT=@@AUTOCOMMIT, @@AUTOCOMMIT=0;
COMMIT;
SET AUTOCOMMIT=@OLD_AUTOCOMMIT;
SET @OLD_AUTOCOMMIT=@@AUTOCOMMIT, @@AUTOCOMMIT=0;
COMMIT;
SET AUTOCOMMIT=@OLD_AUTOCOMMIT;
SET @OLD_AUTOCOMMIT=@@AUTOCOMMIT, @@AUTOCOMMIT=0;
COMMIT;
SET AUTOCOMMIT=@OLD_AUTOCOMMIT;
SET @OLD_AUTOCOMMIT=@@AUTOCOMMIT, @@AUTOCOMMIT=0;
INSERT INTO `resource_job_manager` (`RESOURCE_JOB_MANAGER_ID`, `CREATION_TIME`, `JOB_MANAGER_BIN_PATH`, `PUSH_MONITORING_ENDPOINT`, `RESOURCE_JOB_MANAGER_TYPE`, `UPDATE_TIME`) VALUES ('RJM_c1adaea9-4aed-494f-9f75-8e285c8cd96b','2026-06-12 19:41:16.313000','/usr/bin','','SLURM',NULL);
COMMIT;
SET AUTOCOMMIT=@OLD_AUTOCOMMIT;
SET @OLD_AUTOCOMMIT=@@AUTOCOMMIT, @@AUTOCOMMIT=0;
COMMIT;
SET AUTOCOMMIT=@OLD_AUTOCOMMIT;
SET @OLD_AUTOCOMMIT=@@AUTOCOMMIT, @@AUTOCOMMIT=0;
COMMIT;
SET AUTOCOMMIT=@OLD_AUTOCOMMIT;
SET @OLD_AUTOCOMMIT=@@AUTOCOMMIT, @@AUTOCOMMIT=0;
COMMIT;
SET AUTOCOMMIT=@OLD_AUTOCOMMIT;
SET @OLD_AUTOCOMMIT=@@AUTOCOMMIT, @@AUTOCOMMIT=0;
INSERT INTO `sharing_user` (`USER_ID`, `DOMAIN_ID`, `CREATED_TIME`, `UPDATED_TIME`, `USER_NAME`) VALUES ('default-admin@default','default',1781293276382,1781293276382,'default-admin');
COMMIT;
SET AUTOCOMMIT=@OLD_AUTOCOMMIT;
SET @OLD_AUTOCOMMIT=@@AUTOCOMMIT, @@AUTOCOMMIT=0;
INSERT INTO `slurm_group_compute_resource_preference` (`ALLOCATION_PROJECT_NUMBER`, `SSH_PROVISIONER_CONFIG_JSON`, `PREFERED_BATCH_QUEUE`, `QUALITY_OF_SERVICE`, `SSH_ACCOUNT_PROVISIONER`, `SSH_ACCOUNT_PROVISIONER_ADDITIONAL_INFO`, `USAGE_REPORTING_GATEWAY_ID`, `RESOURCE_ID`, `GROUP_RESOURCE_PROFILE_ID`) VALUES (NULL,NULL,NULL,NULL,NULL,NULL,NULL,'slurm_6afa587c-d5c0-42e6-a998-f8478ad8e404','9ccebd74-1dfb-404d-820d-be16c03af5b6');
COMMIT;
SET AUTOCOMMIT=@OLD_AUTOCOMMIT;
SET @OLD_AUTOCOMMIT=@@AUTOCOMMIT, @@AUTOCOMMIT=0;
INSERT INTO `storage_preference` (`GATEWAY_ID`, `STORAGE_RESOURCE_ID`, `FS_ROOT_LOCATION`, `LOGIN_USERNAME`, `RESOURCE_CS_TOKEN`) VALUES ('default','sftp_877f4ac0-0670-4d4e-94dc-726ab14db77a','/storage','airavata','24bc9035-9bf9-4f4e-ad0b-0ca18651c475');
COMMIT;
SET AUTOCOMMIT=@OLD_AUTOCOMMIT;
SET @OLD_AUTOCOMMIT=@@AUTOCOMMIT, @@AUTOCOMMIT=0;
INSERT INTO `storage_resource` (`STORAGE_RESOURCE_ID`, `CREATION_TIME`, `ENABLED`, `HOST_NAME`, `SFTP_PORT`, `DESCRIPTION`, `UPDATE_TIME`) VALUES ('sftp_877f4ac0-0670-4d4e-94dc-726ab14db77a','2026-06-12 19:41:16.241000',0x01,'sftp',22,'Dev SFTP storage (atmoz/sftp container)',NULL);
COMMIT;
SET AUTOCOMMIT=@OLD_AUTOCOMMIT;
SET @OLD_AUTOCOMMIT=@@AUTOCOMMIT, @@AUTOCOMMIT=0;
COMMIT;
SET AUTOCOMMIT=@OLD_AUTOCOMMIT;
SET @OLD_AUTOCOMMIT=@@AUTOCOMMIT, @@AUTOCOMMIT=0;
COMMIT;
SET AUTOCOMMIT=@OLD_AUTOCOMMIT;
SET @OLD_AUTOCOMMIT=@@AUTOCOMMIT, @@AUTOCOMMIT=0;
INSERT INTO `user_group` (`GROUP_ID`, `DOMAIN_ID`, `CREATED_TIME`, `DESCRIPTION`, `GROUP_CARDINALITY`, `GROUP_TYPE`, `NAME`, `OWNER_ID`, `UPDATED_TIME`) VALUES ('Admin_Users_05989da3-cb34-4c74-8a73-3f44b6a6a2b2','default',1781293276400,'Admin users group.','MULTI_USER','DOMAIN_LEVEL_GROUP','Admin Users','default-admin@default',1781293276400);
INSERT INTO `user_group` (`GROUP_ID`, `DOMAIN_ID`, `CREATED_TIME`, `DESCRIPTION`, `GROUP_CARDINALITY`, `GROUP_TYPE`, `NAME`, `OWNER_ID`, `UPDATED_TIME`) VALUES ('default-admin@default','default',NULL,'user default-admin group','SINGLE_USER','USER_LEVEL_GROUP','default-admin','default-admin@default',NULL);
INSERT INTO `user_group` (`GROUP_ID`, `DOMAIN_ID`, `CREATED_TIME`, `DESCRIPTION`, `GROUP_CARDINALITY`, `GROUP_TYPE`, `NAME`, `OWNER_ID`, `UPDATED_TIME`) VALUES ('Gateway_Users_1ed2e07f-b4da-4220-a387-5afbd22c4c44','default',1781293276396,'Default group for users of the gateway.','MULTI_USER','DOMAIN_LEVEL_GROUP','Gateway Users','default-admin@default',1781293276396);
INSERT INTO `user_group` (`GROUP_ID`, `DOMAIN_ID`, `CREATED_TIME`, `DESCRIPTION`, `GROUP_CARDINALITY`, `GROUP_TYPE`, `NAME`, `OWNER_ID`, `UPDATED_TIME`) VALUES ('Read_Only_Admin_Users_d99f80d1-ddbb-4433-8fea-ca5c4ba1aa87','default',1781293276404,'Group of admin users with read-only access.','MULTI_USER','DOMAIN_LEVEL_GROUP','Read Only Admin Users','default-admin@default',1781293276404);
COMMIT;
SET AUTOCOMMIT=@OLD_AUTOCOMMIT;
SET @OLD_AUTOCOMMIT=@@AUTOCOMMIT, @@AUTOCOMMIT=0;
INSERT INTO `user_profile` (`AIRAVATA_INTERNAL_USER_ID`, `COMMENTS`, `COUNTRY`, `CREATION_TIME`, `FIRST_NAME`, `GATEWAY_ID`, `GPG_KEY`, `HOME_ORGANIZATION`, `LAST_ACCESS_TIME`, `LAST_NAME`, `MIDDLE_NAME`, `NAME_PREFIX`, `NAME_SUFFIX`, `ORCID_ID`, `ORIGINATION_AFFILIATION`, `STATE`, `TIME_ZONE`, `USER_ID`, `USER_MODEL_VERSION`, `VALID_UNTIL`) VALUES ('','','','2026-06-12 19:41:14.180000','','default','','','2026-06-12 19:41:14.180000','','','','','',NULL,'STATUS_UNKNOWN','','default-admin','',NULL);
COMMIT;
SET AUTOCOMMIT=@OLD_AUTOCOMMIT;
SET @OLD_AUTOCOMMIT=@@AUTOCOMMIT, @@AUTOCOMMIT=0;
COMMIT;
SET AUTOCOMMIT=@OLD_AUTOCOMMIT;
SET @OLD_AUTOCOMMIT=@@AUTOCOMMIT, @@AUTOCOMMIT=0;
COMMIT;
SET AUTOCOMMIT=@OLD_AUTOCOMMIT;
SET @OLD_AUTOCOMMIT=@@AUTOCOMMIT, @@AUTOCOMMIT=0;
COMMIT;
SET AUTOCOMMIT=@OLD_AUTOCOMMIT;
SET @OLD_AUTOCOMMIT=@@AUTOCOMMIT, @@AUTOCOMMIT=0;
COMMIT;
SET AUTOCOMMIT=@OLD_AUTOCOMMIT;
SET @OLD_AUTOCOMMIT=@@AUTOCOMMIT, @@AUTOCOMMIT=0;
COMMIT;
SET AUTOCOMMIT=@OLD_AUTOCOMMIT;
SET @OLD_AUTOCOMMIT=@@AUTOCOMMIT, @@AUTOCOMMIT=0;
COMMIT;
SET AUTOCOMMIT=@OLD_AUTOCOMMIT;

-- shared entities (experiment row excluded)
SET @OLD_AUTOCOMMIT=@@AUTOCOMMIT, @@AUTOCOMMIT=0;
INSERT INTO `entity` (`ENTITY_ID`, `DOMAIN_ID`, `BINARY_DATA`, `CREATED_TIME`, `DESCRIPTION`, `ENTITY_TYPE_ID`, `FULL_TEXT`, `NAME`, `ORIGINAL_ENTITY_CREATION_TIME`, `OWNER_ID`, `PARENT_ENTITY_ID`, `SHARED_COUNT`, `UPDATED_TIME`) VALUES ('9ccebd74-1dfb-404d-820d-be16c03af5b6','default',NULL,1781293276387,NULL,'default:GROUP_RESOURCE_PROFILE',NULL,'Dev SLURM Group Resource Profile',1781293276387,'default-admin@default',NULL,4,1781293276387);
INSERT INTO `entity` (`ENTITY_ID`, `DOMAIN_ID`, `BINARY_DATA`, `CREATED_TIME`, `DESCRIPTION`, `ENTITY_TYPE_ID`, `FULL_TEXT`, `NAME`, `ORIGINAL_ENTITY_CREATION_TIME`, `OWNER_ID`, `PARENT_ENTITY_ID`, `SHARED_COUNT`, `UPDATED_TIME`) VALUES ('Default_Project_ec7e6de9-2270-4b42-92bb-8f923fb5aac0','default',NULL,1781293276487,'Default project seeded for the dev stack','default:PROJECT',NULL,'Default Project',1781293276487,'default-admin@default',NULL,NULL,1781293276487);
INSERT INTO `entity` (`ENTITY_ID`, `DOMAIN_ID`, `BINARY_DATA`, `CREATED_TIME`, `DESCRIPTION`, `ENTITY_TYPE_ID`, `FULL_TEXT`, `NAME`, `ORIGINAL_ENTITY_CREATION_TIME`, `OWNER_ID`, `PARENT_ENTITY_ID`, `SHARED_COUNT`, `UPDATED_TIME`) VALUES ('slurm_Echo_da1c0c0f-5b47-4da2-a4fb-b6a6792b910d','default',NULL,1781293276460,'Echo deployment on the dev SLURM cluster','default:APPLICATION_DEPLOYMENT',NULL,'slurm_Echo_da1c0c0f-5b47-4da2-a4fb-b6a6792b910d',1781293276460,'default-admin@default',NULL,4,1781293276460);
INSERT INTO `entity` (`ENTITY_ID`, `DOMAIN_ID`, `BINARY_DATA`, `CREATED_TIME`, `DESCRIPTION`, `ENTITY_TYPE_ID`, `FULL_TEXT`, `NAME`, `ORIGINAL_ENTITY_CREATION_TIME`, `OWNER_ID`, `PARENT_ENTITY_ID`, `SHARED_COUNT`, `UPDATED_TIME`) VALUES ('24bc9035-9bf9-4f4e-ad0b-0ca18651c475','default',NULL,1781293276500,'Dev SFTP','default:CREDENTIAL_TOKEN',NULL,'24bc9035-9bf9-4f4e-ad0b-0ca18651c475',1781293276500,'default-admin@default',NULL,0,1781293276500);
COMMIT;
SET AUTOCOMMIT=@OLD_AUTOCOMMIT;

-- sharing grants (experiment grants excluded)
SET @OLD_AUTOCOMMIT=@@AUTOCOMMIT, @@AUTOCOMMIT=0;
INSERT INTO `sharing` (`PERMISSION_TYPE_ID`, `INHERITED_PARENT_ID`, `GROUP_ID`, `ENTITY_ID`, `DOMAIN_ID`, `CREATED_TIME`, `SHARING_TYPE`, `UPDATED_TIME`) VALUES ('default:MANAGE_SHARING','9ccebd74-1dfb-404d-820d-be16c03af5b6','Admin_Users_05989da3-cb34-4c74-8a73-3f44b6a6a2b2','9ccebd74-1dfb-404d-820d-be16c03af5b6','default',1781293276410,'DIRECT_CASCADING',1781293276410);
INSERT INTO `sharing` (`PERMISSION_TYPE_ID`, `INHERITED_PARENT_ID`, `GROUP_ID`, `ENTITY_ID`, `DOMAIN_ID`, `CREATED_TIME`, `SHARING_TYPE`, `UPDATED_TIME`) VALUES ('default:READ','9ccebd74-1dfb-404d-820d-be16c03af5b6','Admin_Users_05989da3-cb34-4c74-8a73-3f44b6a6a2b2','9ccebd74-1dfb-404d-820d-be16c03af5b6','default',1781293276429,'DIRECT_CASCADING',1781293276429);
INSERT INTO `sharing` (`PERMISSION_TYPE_ID`, `INHERITED_PARENT_ID`, `GROUP_ID`, `ENTITY_ID`, `DOMAIN_ID`, `CREATED_TIME`, `SHARING_TYPE`, `UPDATED_TIME`) VALUES ('default:WRITE','9ccebd74-1dfb-404d-820d-be16c03af5b6','Admin_Users_05989da3-cb34-4c74-8a73-3f44b6a6a2b2','9ccebd74-1dfb-404d-820d-be16c03af5b6','default',1781293276422,'DIRECT_CASCADING',1781293276422);
INSERT INTO `sharing` (`PERMISSION_TYPE_ID`, `INHERITED_PARENT_ID`, `GROUP_ID`, `ENTITY_ID`, `DOMAIN_ID`, `CREATED_TIME`, `SHARING_TYPE`, `UPDATED_TIME`) VALUES ('default:OWNER','9ccebd74-1dfb-404d-820d-be16c03af5b6','default-admin@default','9ccebd74-1dfb-404d-820d-be16c03af5b6','default',1781293276389,'DIRECT_CASCADING',1781293276389);
INSERT INTO `sharing` (`PERMISSION_TYPE_ID`, `INHERITED_PARENT_ID`, `GROUP_ID`, `ENTITY_ID`, `DOMAIN_ID`, `CREATED_TIME`, `SHARING_TYPE`, `UPDATED_TIME`) VALUES ('default:READ','9ccebd74-1dfb-404d-820d-be16c03af5b6','Read_Only_Admin_Users_d99f80d1-ddbb-4433-8fea-ca5c4ba1aa87','9ccebd74-1dfb-404d-820d-be16c03af5b6','default',1781293276429,'DIRECT_CASCADING',1781293276429);
INSERT INTO `sharing` (`PERMISSION_TYPE_ID`, `INHERITED_PARENT_ID`, `GROUP_ID`, `ENTITY_ID`, `DOMAIN_ID`, `CREATED_TIME`, `SHARING_TYPE`, `UPDATED_TIME`) VALUES ('default:OWNER','Default_Project_ec7e6de9-2270-4b42-92bb-8f923fb5aac0','default-admin@default','Default_Project_ec7e6de9-2270-4b42-92bb-8f923fb5aac0','default',1781293276489,'DIRECT_CASCADING',1781293276489);
INSERT INTO `sharing` (`PERMISSION_TYPE_ID`, `INHERITED_PARENT_ID`, `GROUP_ID`, `ENTITY_ID`, `DOMAIN_ID`, `CREATED_TIME`, `SHARING_TYPE`, `UPDATED_TIME`) VALUES ('default:MANAGE_SHARING','slurm_Echo_da1c0c0f-5b47-4da2-a4fb-b6a6792b910d','Admin_Users_05989da3-cb34-4c74-8a73-3f44b6a6a2b2','slurm_Echo_da1c0c0f-5b47-4da2-a4fb-b6a6792b910d','default',1781293276466,'DIRECT_CASCADING',1781293276466);
INSERT INTO `sharing` (`PERMISSION_TYPE_ID`, `INHERITED_PARENT_ID`, `GROUP_ID`, `ENTITY_ID`, `DOMAIN_ID`, `CREATED_TIME`, `SHARING_TYPE`, `UPDATED_TIME`) VALUES ('default:READ','slurm_Echo_da1c0c0f-5b47-4da2-a4fb-b6a6792b910d','Admin_Users_05989da3-cb34-4c74-8a73-3f44b6a6a2b2','slurm_Echo_da1c0c0f-5b47-4da2-a4fb-b6a6792b910d','default',1781293276475,'DIRECT_CASCADING',1781293276475);
INSERT INTO `sharing` (`PERMISSION_TYPE_ID`, `INHERITED_PARENT_ID`, `GROUP_ID`, `ENTITY_ID`, `DOMAIN_ID`, `CREATED_TIME`, `SHARING_TYPE`, `UPDATED_TIME`) VALUES ('default:WRITE','slurm_Echo_da1c0c0f-5b47-4da2-a4fb-b6a6792b910d','Admin_Users_05989da3-cb34-4c74-8a73-3f44b6a6a2b2','slurm_Echo_da1c0c0f-5b47-4da2-a4fb-b6a6792b910d','default',1781293276471,'DIRECT_CASCADING',1781293276471);
INSERT INTO `sharing` (`PERMISSION_TYPE_ID`, `INHERITED_PARENT_ID`, `GROUP_ID`, `ENTITY_ID`, `DOMAIN_ID`, `CREATED_TIME`, `SHARING_TYPE`, `UPDATED_TIME`) VALUES ('default:OWNER','slurm_Echo_da1c0c0f-5b47-4da2-a4fb-b6a6792b910d','default-admin@default','slurm_Echo_da1c0c0f-5b47-4da2-a4fb-b6a6792b910d','default',1781293276462,'DIRECT_CASCADING',1781293276462);
INSERT INTO `sharing` (`PERMISSION_TYPE_ID`, `INHERITED_PARENT_ID`, `GROUP_ID`, `ENTITY_ID`, `DOMAIN_ID`, `CREATED_TIME`, `SHARING_TYPE`, `UPDATED_TIME`) VALUES ('default:READ','slurm_Echo_da1c0c0f-5b47-4da2-a4fb-b6a6792b910d','Read_Only_Admin_Users_d99f80d1-ddbb-4433-8fea-ca5c4ba1aa87','slurm_Echo_da1c0c0f-5b47-4da2-a4fb-b6a6792b910d','default',1781293276475,'DIRECT_CASCADING',1781293276475);
INSERT INTO `sharing` (`PERMISSION_TYPE_ID`, `INHERITED_PARENT_ID`, `GROUP_ID`, `ENTITY_ID`, `DOMAIN_ID`, `CREATED_TIME`, `SHARING_TYPE`, `UPDATED_TIME`) VALUES ('default:OWNER','24bc9035-9bf9-4f4e-ad0b-0ca18651c475','default-admin@default','24bc9035-9bf9-4f4e-ad0b-0ca18651c475','default',1781293276500,'DIRECT_CASCADING',1781293276500);
COMMIT;
SET AUTOCOMMIT=@OLD_AUTOCOMMIT;

SET FOREIGN_KEY_CHECKS=1;
