[
{
  "model": "auth.user",
  "fields": {
    "password": "pbkdf2_sha256$36000$9e7NwEtywbng$bEmcs9cz0bgp1ai2Kbzfn8GgccaPJKvC11DIbyPDMMo=",
    "last_login": "2018-04-10T23:05:05.442Z",
    "is_superuser": true,
    "username": "stephenpaul2727",
    "first_name": "",
    "last_name": "",
    "email": "stephenpaul2727@gmail.com",
    "is_staff": true,
    "is_active": true,
    "date_joined": "2018-04-05T22:51:58.404Z",
    "groups": [],
    "user_permissions": []
  }
},
{
  "model": "wagtailimages.image",
  "pk": 1,
  "fields": {
    "collection": 1,
    "title": "searching-sra-logo",
    "file": "original_images/searchingsralogo.png",
    "width": 983,
    "height": 228,
    "created_at": "2018-04-05T22:55:06.117Z",
    "uploaded_by_user": [
      "stephenpaul2727"
    ],
    "focal_point_x": null,
    "focal_point_y": null,
    "focal_point_width": null,
    "focal_point_height": null,
    "file_size": null
  }
},
{
  "model": "wagtailimages.image",
  "pk": 2,
  "fields": {
    "collection": 1,
    "title": "sra-top-banner",
    "file": "original_images/sra-top-banner.png",
    "width": 2320,
    "height": 284,
    "created_at": "2018-04-05T23:02:23.366Z",
    "uploaded_by_user": [
      "stephenpaul2727"
    ],
    "focal_point_x": null,
    "focal_point_y": null,
    "focal_point_width": null,
    "focal_point_height": null,
    "file_size": null
  }
},
{
  "model": "wagtailimages.image",
  "pk": 3,
  "fields": {
    "collection": 1,
    "title": "scigap-header",
    "file": "original_images/scigap-header-logo.png",
    "width": 300,
    "height": 100,
    "created_at": "2018-04-05T23:40:50.335Z",
    "uploaded_by_user": [
      "stephenpaul2727"
    ],
    "focal_point_x": null,
    "focal_point_y": null,
    "focal_point_width": null,
    "focal_point_height": null,
    "file_size": null
  }
},
{
  "model": "wagtailimages.image",
  "pk": 4,
  "fields": {
    "collection": 1,
    "title": "airavata-logo",
    "file": "original_images/powered-by-airavata-transparent_Igr9qt8.png",
    "width": 1734,
    "height": 648,
    "created_at": "2018-04-05T23:41:55.486Z",
    "uploaded_by_user": [
      "stephenpaul2727"
    ],
    "focal_point_x": null,
    "focal_point_y": null,
    "focal_point_width": null,
    "focal_point_height": null,
    "file_size": null
  }
},
{
  "model": "wagtailimages.rendition",
  "pk": 1,
  "fields": {
    "filter_spec": "max-165x165",
    "file": "images/searchingsralogo.max-165x165.png",
    "width": 165,
    "height": 38,
    "focal_point_key": "",
    "image": 1
  }
},
{
  "model": "wagtailimages.rendition",
  "pk": 2,
  "fields": {
    "filter_spec": "max-165x165",
    "file": "images/sra-top-banner.max-165x165.png",
    "width": 165,
    "height": 20,
    "focal_point_key": "",
    "image": 2
  }
},
{
  "model": "wagtailimages.rendition",
  "pk": 3,
  "fields": {
    "filter_spec": "original",
    "file": "images/searchingsralogo.original.png",
    "width": 983,
    "height": 228,
    "focal_point_key": "",
    "image": 1
  }
},
{
  "model": "wagtailimages.rendition",
  "pk": 4,
  "fields": {
    "filter_spec": "original",
    "file": "images/sra-top-banner.original.png",
    "width": 2320,
    "height": 284,
    "focal_point_key": "",
    "image": 2
  }
},
{
  "model": "wagtailimages.rendition",
  "pk": 5,
  "fields": {
    "filter_spec": "max-800x600",
    "file": "images/searchingsralogo.max-800x600.png",
    "width": 800,
    "height": 185,
    "focal_point_key": "",
    "image": 1
  }
},
{
  "model": "wagtailimages.rendition",
  "pk": 6,
  "fields": {
    "filter_spec": "width-500",
    "file": "images/searchingsralogo.width-500.png",
    "width": 500,
    "height": 115,
    "focal_point_key": "",
    "image": 1
  }
},
{
  "model": "wagtailimages.rendition",
  "pk": 7,
  "fields": {
    "filter_spec": "max-140x43",
    "file": "images/searchingsralogo.max-140x43.png",
    "width": 140,
    "height": 32,
    "focal_point_key": "",
    "image": 1
  }
},
{
  "model": "wagtailimages.rendition",
  "pk": 8,
  "fields": {
    "filter_spec": "max-165x165",
    "file": "images/scigap-header-logo.max-165x165.png",
    "width": 165,
    "height": 55,
    "focal_point_key": "",
    "image": 3
  }
},
{
  "model": "wagtailimages.rendition",
  "pk": 9,
  "fields": {
    "filter_spec": "max-165x165",
    "file": "images/powered-by-airavata-transparent_Igr9qt8.max-165x165.png",
    "width": 165,
    "height": 61,
    "focal_point_key": "",
    "image": 4
  }
},
{
  "model": "wagtailimages.rendition",
  "pk": 10,
  "fields": {
    "filter_spec": "original",
    "file": "images/scigap-header-logo.original.png",
    "width": 300,
    "height": 100,
    "focal_point_key": "",
    "image": 3
  }
},
{
  "model": "wagtailimages.rendition",
  "pk": 11,
  "fields": {
    "filter_spec": "original",
    "file": "images/powered-by-airavata-transparent_Igr9qt8.original.png",
    "width": 1734,
    "height": 648,
    "focal_point_key": "",
    "image": 4
  }
},
{
  "model": "wagtailcore.site",
  "fields": {
    "hostname": "localhost",
    "port": 8000,
    "site_name": "Searching SRA",
    "root_page": 3,
    "is_default_site": true
  }
},
{
  "model": "wagtailcore.page",
  "pk": 1,
  "fields": {
    "path": "0001",
    "depth": 1,
    "numchild": 1,
    "title": "Root",
    "draft_title": "Root",
    "slug": "root",
    "content_type": [
      "wagtailcore",
      "page"
    ],
    "live": true,
    "has_unpublished_changes": false,
    "url_path": "/",
    "owner": null,
    "seo_title": "",
    "show_in_menus": false,
    "search_description": "",
    "go_live_at": null,
    "expire_at": null,
    "expired": false,
    "locked": false,
    "first_published_at": null,
    "last_published_at": null,
    "latest_revision_created_at": null,
    "live_revision": null
  }
},
{
  "model": "wagtailcore.page",
  "pk": 2,
  "fields": {
    "path": "00010001",
    "depth": 2,
    "numchild": 1,
    "title": "Welcome to your new Wagtail site!",
    "draft_title": "Welcome to your new Wagtail site!",
    "slug": "home",
    "content_type": [
      "wagtailcore",
      "page"
    ],
    "live": true,
    "has_unpublished_changes": false,
    "url_path": "/home/",
    "owner": null,
    "seo_title": "",
    "show_in_menus": false,
    "search_description": "",
    "go_live_at": null,
    "expire_at": null,
    "expired": false,
    "locked": false,
    "first_published_at": null,
    "last_published_at": null,
    "latest_revision_created_at": null,
    "live_revision": null
  }
},
{
  "model": "wagtailcore.page",
  "pk": 3,
  "fields": {
    "path": "000100010001",
    "depth": 3,
    "numchild": 3,
    "title": "Home",
    "draft_title": "Home",
    "slug": "home",
    "content_type": [
      "django_airavata_wagtail_base",
      "blankpage"
    ],
    "live": true,
    "has_unpublished_changes": false,
    "url_path": "/home/home/",
    "owner": [
      "stephenpaul2727"
    ],
    "seo_title": "",
    "show_in_menus": false,
    "search_description": "",
    "go_live_at": null,
    "expire_at": null,
    "expired": false,
    "locked": false,
    "first_published_at": "2018-04-05T23:03:07.327Z",
    "last_published_at": "2018-04-10T23:05:23.323Z",
    "latest_revision_created_at": "2018-04-10T23:05:23.290Z",
    "live_revision": 245
  }
},
{
  "model": "wagtailcore.page",
  "pk": 4,
  "fields": {
    "path": "0001000100010001",
    "depth": 4,
    "numchild": 0,
    "title": "Documentation",
    "draft_title": "Documentation",
    "slug": "documentation",
    "content_type": [
      "django_airavata_wagtail_base",
      "blankpage"
    ],
    "live": true,
    "has_unpublished_changes": false,
    "url_path": "/home/home/documentation/",
    "owner": [
      "stephenpaul2727"
    ],
    "seo_title": "documentation",
    "show_in_menus": true,
    "search_description": "",
    "go_live_at": null,
    "expire_at": null,
    "expired": false,
    "locked": false,
    "first_published_at": "2018-04-06T00:02:02.704Z",
    "last_published_at": "2018-04-10T23:05:33.412Z",
    "latest_revision_created_at": "2018-04-10T23:05:33.391Z",
    "live_revision": 246
  }
},
{
  "model": "wagtailcore.page",
  "pk": 5,
  "fields": {
    "path": "0001000100010002",
    "depth": 4,
    "numchild": 0,
    "title": "About",
    "draft_title": "About",
    "slug": "about",
    "content_type": [
      "django_airavata_wagtail_base",
      "blankpage"
    ],
    "live": true,
    "has_unpublished_changes": false,
    "url_path": "/home/home/about/",
    "owner": [
      "stephenpaul2727"
    ],
    "seo_title": "about",
    "show_in_menus": true,
    "search_description": "",
    "go_live_at": null,
    "expire_at": null,
    "expired": false,
    "locked": false,
    "first_published_at": "2018-04-06T00:06:12.220Z",
    "last_published_at": "2018-04-10T23:05:42.586Z",
    "latest_revision_created_at": "2018-04-10T23:05:42.563Z",
    "live_revision": 247
  }
},
{
  "model": "wagtailcore.page",
  "pk": 6,
  "fields": {
    "path": "0001000100010003",
    "depth": 4,
    "numchild": 0,
    "title": "Contact",
    "draft_title": "Contact",
    "slug": "contact",
    "content_type": [
      "django_airavata_wagtail_base",
      "blankpage"
    ],
    "live": true,
    "has_unpublished_changes": false,
    "url_path": "/home/home/contact/",
    "owner": [
      "stephenpaul2727"
    ],
    "seo_title": "contact",
    "show_in_menus": true,
    "search_description": "",
    "go_live_at": null,
    "expire_at": null,
    "expired": false,
    "locked": false,
    "first_published_at": "2018-04-06T00:07:14.453Z",
    "last_published_at": "2018-04-10T23:06:01.371Z",
    "latest_revision_created_at": "2018-04-10T23:06:01.342Z",
    "live_revision": 248
  }
},
{
  "model": "wagtailcore.pagerevision",
  "pk": 1,
  "fields": {
    "page": 3,
    "submitted_for_moderation": false,
    "created_at": "2018-04-05T23:03:07.295Z",
    "user": [
      "stephenpaul2727"
    ],
    "content_json": "{\"pk\": 3, \"path\": \"000100010001\", \"depth\": 3, \"numchild\": 0, \"title\": \"Home\", \"draft_title\": \"Home\", \"slug\": \"home\", \"content_type\": 33, \"live\": true, \"has_unpublished_changes\": false, \"url_path\": \"/home/home/\", \"owner\": 1, \"seo_title\": \"\", \"show_in_menus\": false, \"search_description\": \"\", \"go_live_at\": null, \"expire_at\": null, \"expired\": false, \"locked\": false, \"first_published_at\": null, \"last_published_at\": null, \"latest_revision_created_at\": null, \"live_revision\": null, \"row\": [{\"pk\": 1, \"sort_order\": 0, \"body\": \"[{\\\"type\\\": \\\"image_block\\\", \\\"value\\\": {\\\"image\\\": 2, \\\"caption\\\": \\\"\\\", \\\"width\\\": \\\"\\\", \\\"height\\\": 400, \\\"redirect_url\\\": \\\"\\\", \\\"custom_class\\\": \\\"col-md-12\\\"}, \\\"id\\\": \\\"1460a2e8-f993-4227-a043-d19921c00828\\\"}]\", \"page\": 3}]}",
    "approved_go_live_at": null
  }
},
{
  "model": "wagtailcore.pagerevision",
  "pk": 2,
  "fields": {
    "page": 3,
    "submitted_for_moderation": false,
    "created_at": "2018-04-05T23:10:17.857Z",
    "user": [
      "stephenpaul2727"
    ],
    "content_json": "{\"pk\": 3, \"path\": \"000100010001\", \"depth\": 3, \"numchild\": 0, \"title\": \"Home\", \"draft_title\": \"Home\", \"slug\": \"home\", \"content_type\": 33, \"live\": true, \"has_unpublished_changes\": false, \"url_path\": \"/home/home/\", \"owner\": 1, \"seo_title\": \"\", \"show_in_menus\": false, \"search_description\": \"\", \"go_live_at\": null, \"expire_at\": null, \"expired\": false, \"locked\": false, \"first_published_at\": \"2018-04-05T23:03:07.327Z\", \"last_published_at\": \"2018-04-05T23:03:07.327Z\", \"latest_revision_created_at\": \"2018-04-05T23:03:07.295Z\", \"live_revision\": 1, \"row\": [{\"pk\": 1, \"sort_order\": 0, \"body\": \"[{\\\"type\\\": \\\"image_block\\\", \\\"value\\\": {\\\"image\\\": 2, \\\"caption\\\": \\\"\\\", \\\"width\\\": \\\"100%\\\", \\\"height\\\": 400, \\\"redirect_url\\\": \\\"\\\", \\\"custom_class\\\": \\\"col-md-12\\\"}, \\\"id\\\": \\\"1460a2e8-f993-4227-a043-d19921c00828\\\"}]\", \"page\": 3}]}",
    "approved_go_live_at": null
  }
},
{
  "model": "wagtailcore.pagerevision",
  "pk": 3,
  "fields": {
    "page": 3,
    "submitted_for_moderation": false,
    "created_at": "2018-04-05T23:11:27.128Z",
    "user": [
      "stephenpaul2727"
    ],
    "content_json": "{\"pk\": 3, \"path\": \"000100010001\", \"depth\": 3, \"numchild\": 0, \"title\": \"Home\", \"draft_title\": \"Home\", \"slug\": \"home\", \"content_type\": 33, \"live\": true, \"has_unpublished_changes\": false, \"url_path\": \"/home/home/\", \"owner\": 1, \"seo_title\": \"\", \"show_in_menus\": false, \"search_description\": \"\", \"go_live_at\": null, \"expire_at\": null, \"expired\": false, \"locked\": false, \"first_published_at\": \"2018-04-05T23:03:07.327Z\", \"last_published_at\": \"2018-04-05T23:10:17.895Z\", \"latest_revision_created_at\": \"2018-04-05T23:10:17.857Z\", \"live_revision\": 2, \"row\": [{\"pk\": 1, \"sort_order\": 0, \"body\": \"[{\\\"type\\\": \\\"image_block\\\", \\\"value\\\": {\\\"image\\\": 2, \\\"caption\\\": \\\"\\\", \\\"width\\\": \\\"100%\\\", \\\"height\\\": 600, \\\"redirect_url\\\": \\\"\\\", \\\"custom_class\\\": \\\"col-md-12\\\"}, \\\"id\\\": \\\"1460a2e8-f993-4227-a043-d19921c00828\\\"}]\", \"page\": 3}]}",
    "approved_go_live_at": null
  }
},
{
  "model": "wagtailcore.pagerevision",
  "pk": 4,
  "fields": {
    "page": 3,
    "submitted_for_moderation": false,
    "created_at": "2018-04-05T23:14:11.360Z",
    "user": [
      "stephenpaul2727"
    ],
    "content_json": "{\"pk\": 3, \"path\": \"000100010001\", \"depth\": 3, \"numchild\": 0, \"title\": \"Home\", \"draft_title\": \"Home\", \"slug\": \"home\", \"content_type\": 33, \"live\": true, \"has_unpublished_changes\": false, \"url_path\": \"/home/home/\", \"owner\": 1, \"seo_title\": \"\", \"show_in_menus\": false, \"search_description\": \"\", \"go_live_at\": null, \"expire_at\": null, \"expired\": false, \"locked\": false, \"first_published_at\": \"2018-04-05T23:03:07.327Z\", \"last_published_at\": \"2018-04-05T23:11:27.156Z\", \"latest_revision_created_at\": \"2018-04-05T23:11:27.128Z\", \"live_revision\": 3, \"row\": [{\"pk\": 1, \"sort_order\": 0, \"body\": \"[{\\\"type\\\": \\\"image_block\\\", \\\"value\\\": {\\\"image\\\": 2, \\\"caption\\\": \\\"\\\", \\\"width\\\": \\\"\\\", \\\"height\\\": null, \\\"redirect_url\\\": \\\"\\\", \\\"custom_class\\\": \\\"col-md-12\\\"}, \\\"id\\\": \\\"1460a2e8-f993-4227-a043-d19921c00828\\\"}]\", \"page\": 3}]}",
    "approved_go_live_at": null
  }
},
{
  "model": "wagtailcore.pagerevision",
  "pk": 5,
  "fields": {
    "page": 3,
    "submitted_for_moderation": false,
    "created_at": "2018-04-05T23:14:32.875Z",
    "user": [
      "stephenpaul2727"
    ],
    "content_json": "{\"pk\": 3, \"path\": \"000100010001\", \"depth\": 3, \"numchild\": 0, \"title\": \"Home\", \"draft_title\": \"Home\", \"slug\": \"home\", \"content_type\": 33, \"live\": true, \"has_unpublished_changes\": false, \"url_path\": \"/home/home/\", \"owner\": 1, \"seo_title\": \"\", \"show_in_menus\": false, \"search_description\": \"\", \"go_live_at\": null, \"expire_at\": null, \"expired\": false, \"locked\": false, \"first_published_at\": \"2018-04-05T23:03:07.327Z\", \"last_published_at\": \"2018-04-05T23:14:11.385Z\", \"latest_revision_created_at\": \"2018-04-05T23:14:11.360Z\", \"live_revision\": 4, \"row\": [{\"pk\": 1, \"sort_order\": 0, \"body\": \"[{\\\"type\\\": \\\"image_block\\\", \\\"value\\\": {\\\"image\\\": 2, \\\"caption\\\": \\\"\\\", \\\"width\\\": \\\"\\\", \\\"height\\\": null, \\\"redirect_url\\\": \\\"\\\", \\\"custom_class\\\": \\\"col-md-12 mt-4\\\"}, \\\"id\\\": \\\"1460a2e8-f993-4227-a043-d19921c00828\\\"}]\", \"page\": 3}]}",
    "approved_go_live_at": null
  }
},
{
  "model": "wagtailcore.pagerevision",
  "pk": 6,
  "fields": {
    "page": 3,
    "submitted_for_moderation": false,
    "created_at": "2018-04-05T23:25:47.331Z",
    "user": [
      "stephenpaul2727"
    ],
    "content_json": "{\"pk\": 3, \"path\": \"000100010001\", \"depth\": 3, \"numchild\": 0, \"title\": \"Home\", \"draft_title\": \"Home\", \"slug\": \"home\", \"content_type\": 33, \"live\": true, \"has_unpublished_changes\": false, \"url_path\": \"/home/home/\", \"owner\": 1, \"seo_title\": \"\", \"show_in_menus\": false, \"search_description\": \"\", \"go_live_at\": null, \"expire_at\": null, \"expired\": false, \"locked\": false, \"first_published_at\": \"2018-04-05T23:03:07.327Z\", \"last_published_at\": \"2018-04-05T23:14:32.904Z\", \"latest_revision_created_at\": \"2018-04-05T23:14:32.875Z\", \"live_revision\": 5, \"row\": [{\"pk\": 1, \"sort_order\": 0, \"body\": \"[{\\\"type\\\": \\\"image_block\\\", \\\"value\\\": {\\\"image\\\": 2, \\\"caption\\\": \\\"\\\", \\\"width\\\": \\\"\\\", \\\"height\\\": null, \\\"redirect_url\\\": \\\"\\\", \\\"custom_class\\\": \\\"col-md-12 mt-4\\\"}, \\\"id\\\": \\\"1460a2e8-f993-4227-a043-d19921c00828\\\"}]\", \"page\": 3}, {\"pk\": null, \"sort_order\": 1, \"body\": \"[{\\\"type\\\": \\\"paragraph_block\\\", \\\"value\\\": {\\\"custom_class\\\": \\\"col-md-2\\\", \\\"body\\\": \\\"<p></p><p></p><embed alt=\\\\\\\"searching-sra-logo\\\\\\\" embedtype=\\\\\\\"image\\\\\\\" format=\\\\\\\"brand-logo\\\\\\\" id=\\\\\\\"1\\\\\\\"/><p></p><hr/><p></p><h4><a href=\\\\\\\"http://searchsra.scigap.org/login\\\\\\\"><b>Login</b></a></h4><hr/><p></p><h4><a href=\\\\\\\"http://searchsra.scigap.org/create\\\\\\\"><b>Register</b></a></h4><p></p>\\\"}, \\\"id\\\": \\\"7a381bb1-d894-47cd-9024-3f634936e013\\\"}, {\\\"type\\\": \\\"heading_block\\\", \\\"value\\\": {\\\"heading_text\\\": \\\"Searching SRA Gateway\\\", \\\"size\\\": \\\"h1\\\", \\\"custom_class\\\": \\\"col-md-8\\\"}, \\\"id\\\": \\\"051d329e-2488-4d24-946d-89c991d3c949\\\"}, {\\\"type\\\": \\\"paragraph_block\\\", \\\"value\\\": {\\\"custom_class\\\": \\\"col-md-8\\\", \\\"body\\\": \\\"<h2><b>Welcome!</b></h2><hr/><p></p><p>The Sequence Read Archive is NCBI\\\\u2019s flagship database that makes biological sequence data available to the research community to enhance reproducibility and allow for new discoveries by comparing data sets. Searching SRA gateway is part of the joint project that will innovate a resource that will allow researchers to explore data in the SRA.</p>\\\"}, \\\"id\\\": \\\"db458492-4fdb-451c-a75c-c4060d854ec6\\\"}]\", \"page\": 3}]}",
    "approved_go_live_at": null
  }
},
{
  "model": "wagtailcore.pagerevision",
  "pk": 7,
  "fields": {
    "page": 3,
    "submitted_for_moderation": false,
    "created_at": "2018-04-05T23:27:36.640Z",
    "user": [
      "stephenpaul2727"
    ],
    "content_json": "{\"pk\": 3, \"path\": \"000100010001\", \"depth\": 3, \"numchild\": 0, \"title\": \"Home\", \"draft_title\": \"Home\", \"slug\": \"home\", \"content_type\": 33, \"live\": true, \"has_unpublished_changes\": false, \"url_path\": \"/home/home/\", \"owner\": 1, \"seo_title\": \"\", \"show_in_menus\": false, \"search_description\": \"\", \"go_live_at\": null, \"expire_at\": null, \"expired\": false, \"locked\": false, \"first_published_at\": \"2018-04-05T23:03:07.327Z\", \"last_published_at\": \"2018-04-05T23:25:47.361Z\", \"latest_revision_created_at\": \"2018-04-05T23:25:47.331Z\", \"live_revision\": 6, \"row\": [{\"pk\": 1, \"sort_order\": 0, \"body\": \"[{\\\"type\\\": \\\"image_block\\\", \\\"value\\\": {\\\"image\\\": 2, \\\"caption\\\": \\\"\\\", \\\"width\\\": \\\"\\\", \\\"height\\\": null, \\\"redirect_url\\\": \\\"\\\", \\\"custom_class\\\": \\\"col-md-12 mt-4\\\"}, \\\"id\\\": \\\"1460a2e8-f993-4227-a043-d19921c00828\\\"}]\", \"page\": 3}, {\"pk\": 2, \"sort_order\": 1, \"body\": \"[{\\\"type\\\": \\\"image_block\\\", \\\"value\\\": {\\\"image\\\": 1, \\\"caption\\\": \\\"\\\", \\\"width\\\": \\\"250\\\", \\\"height\\\": 150, \\\"redirect_url\\\": \\\"\\\", \\\"custom_class\\\": \\\"col-md-2\\\"}, \\\"id\\\": \\\"79c267c9-51a4-4cb9-8c96-6918df2b85eb\\\"}, {\\\"type\\\": \\\"paragraph_block\\\", \\\"value\\\": {\\\"custom_class\\\": \\\"col-md-2\\\", \\\"body\\\": \\\"<p></p><hr/><p></p><hr/><p></p><h4><a href=\\\\\\\"http://searchsra.scigap.org/login\\\\\\\"><b>Login</b></a></h4><hr/><p></p><h4><a href=\\\\\\\"http://searchsra.scigap.org/create\\\\\\\"><b>Register</b></a></h4><p></p>\\\"}, \\\"id\\\": \\\"7a381bb1-d894-47cd-9024-3f634936e013\\\"}, {\\\"type\\\": \\\"heading_block\\\", \\\"value\\\": {\\\"heading_text\\\": \\\"Searching SRA Gateway\\\", \\\"size\\\": \\\"h1\\\", \\\"custom_class\\\": \\\"col-md-8\\\"}, \\\"id\\\": \\\"051d329e-2488-4d24-946d-89c991d3c949\\\"}, {\\\"type\\\": \\\"paragraph_block\\\", \\\"value\\\": {\\\"custom_class\\\": \\\"col-md-8\\\", \\\"body\\\": \\\"<h2><b>Welcome!</b></h2><hr/><p></p><p>The Sequence Read Archive is NCBI\\\\u2019s flagship database that makes biological sequence data available to the research community to enhance reproducibility and allow for new discoveries by comparing data sets. Searching SRA gateway is part of the joint project that will innovate a resource that will allow researchers to explore data in the SRA.</p>\\\"}, \\\"id\\\": \\\"db458492-4fdb-451c-a75c-c4060d854ec6\\\"}]\", \"page\": 3}]}",
    "approved_go_live_at": null
  }
},
{
  "model": "wagtailcore.pagerevision",
  "pk": 8,
  "fields": {
    "page": 3,
    "submitted_for_moderation": false,
    "created_at": "2018-04-05T23:28:45.673Z",
    "user": [
      "stephenpaul2727"
    ],
    "content_json": "{\"pk\": 3, \"path\": \"000100010001\", \"depth\": 3, \"numchild\": 0, \"title\": \"Home\", \"draft_title\": \"Home\", \"slug\": \"home\", \"content_type\": 33, \"live\": true, \"has_unpublished_changes\": false, \"url_path\": \"/home/home/\", \"owner\": 1, \"seo_title\": \"\", \"show_in_menus\": false, \"search_description\": \"\", \"go_live_at\": null, \"expire_at\": null, \"expired\": false, \"locked\": false, \"first_published_at\": \"2018-04-05T23:03:07.327Z\", \"last_published_at\": \"2018-04-05T23:27:36.669Z\", \"latest_revision_created_at\": \"2018-04-05T23:27:36.640Z\", \"live_revision\": 7, \"row\": [{\"pk\": 1, \"sort_order\": 0, \"body\": \"[{\\\"type\\\": \\\"image_block\\\", \\\"value\\\": {\\\"image\\\": 2, \\\"caption\\\": \\\"\\\", \\\"width\\\": \\\"\\\", \\\"height\\\": null, \\\"redirect_url\\\": \\\"\\\", \\\"custom_class\\\": \\\"col-md-12 mt-4\\\"}, \\\"id\\\": \\\"1460a2e8-f993-4227-a043-d19921c00828\\\"}]\", \"page\": 3}, {\"pk\": 2, \"sort_order\": 1, \"body\": \"[{\\\"type\\\": \\\"image_block\\\", \\\"value\\\": {\\\"image\\\": 1, \\\"caption\\\": \\\"\\\", \\\"width\\\": \\\"220\\\", \\\"height\\\": 75, \\\"redirect_url\\\": \\\"\\\", \\\"custom_class\\\": \\\"col-md-2\\\"}, \\\"id\\\": \\\"79c267c9-51a4-4cb9-8c96-6918df2b85eb\\\"}, {\\\"type\\\": \\\"heading_block\\\", \\\"value\\\": {\\\"heading_text\\\": \\\"Searching SRA Gateway\\\", \\\"size\\\": \\\"h1\\\", \\\"custom_class\\\": \\\"col-md-8\\\"}, \\\"id\\\": \\\"051d329e-2488-4d24-946d-89c991d3c949\\\"}]\", \"page\": 3}]}",
    "approved_go_live_at": null
  }
},
{
  "model": "wagtailcore.pagerevision",
  "pk": 9,
  "fields": {
    "page": 3,
    "submitted_for_moderation": false,
    "created_at": "2018-04-05T23:29:10.060Z",
    "user": [
      "stephenpaul2727"
    ],
    "content_json": "{\"pk\": 3, \"path\": \"000100010001\", \"depth\": 3, \"numchild\": 0, \"title\": \"Home\", \"draft_title\": \"Home\", \"slug\": \"home\", \"content_type\": 33, \"live\": true, \"has_unpublished_changes\": false, \"url_path\": \"/home/home/\", \"owner\": 1, \"seo_title\": \"\", \"show_in_menus\": false, \"search_description\": \"\", \"go_live_at\": null, \"expire_at\": null, \"expired\": false, \"locked\": false, \"first_published_at\": \"2018-04-05T23:03:07.327Z\", \"last_published_at\": \"2018-04-05T23:28:45.707Z\", \"latest_revision_created_at\": \"2018-04-05T23:28:45.673Z\", \"live_revision\": 8, \"row\": [{\"pk\": 1, \"sort_order\": 0, \"body\": \"[{\\\"type\\\": \\\"image_block\\\", \\\"value\\\": {\\\"image\\\": 2, \\\"caption\\\": \\\"\\\", \\\"width\\\": \\\"\\\", \\\"height\\\": null, \\\"redirect_url\\\": \\\"\\\", \\\"custom_class\\\": \\\"col-md-12 mt-4\\\"}, \\\"id\\\": \\\"1460a2e8-f993-4227-a043-d19921c00828\\\"}]\", \"page\": 3}, {\"pk\": 2, \"sort_order\": 1, \"body\": \"[{\\\"type\\\": \\\"image_block\\\", \\\"value\\\": {\\\"image\\\": 1, \\\"caption\\\": \\\"\\\", \\\"width\\\": \\\"220\\\", \\\"height\\\": 75, \\\"redirect_url\\\": \\\"\\\", \\\"custom_class\\\": \\\"col-md-2 mx-auto\\\"}, \\\"id\\\": \\\"79c267c9-51a4-4cb9-8c96-6918df2b85eb\\\"}, {\\\"type\\\": \\\"heading_block\\\", \\\"value\\\": {\\\"heading_text\\\": \\\"Searching SRA Gateway\\\", \\\"size\\\": \\\"h1\\\", \\\"custom_class\\\": \\\"col-md-8 mx-auto\\\"}, \\\"id\\\": \\\"051d329e-2488-4d24-946d-89c991d3c949\\\"}]\", \"page\": 3}]}",
    "approved_go_live_at": null
  }
},
{
  "model": "wagtailcore.pagerevision",
  "pk": 10,
  "fields": {
    "page": 3,
    "submitted_for_moderation": false,
    "created_at": "2018-04-05T23:29:32.724Z",
    "user": [
      "stephenpaul2727"
    ],
    "content_json": "{\"pk\": 3, \"path\": \"000100010001\", \"depth\": 3, \"numchild\": 0, \"title\": \"Home\", \"draft_title\": \"Home\", \"slug\": \"home\", \"content_type\": 33, \"live\": true, \"has_unpublished_changes\": false, \"url_path\": \"/home/home/\", \"owner\": 1, \"seo_title\": \"\", \"show_in_menus\": false, \"search_description\": \"\", \"go_live_at\": null, \"expire_at\": null, \"expired\": false, \"locked\": false, \"first_published_at\": \"2018-04-05T23:03:07.327Z\", \"last_published_at\": \"2018-04-05T23:29:10.088Z\", \"latest_revision_created_at\": \"2018-04-05T23:29:10.060Z\", \"live_revision\": 9, \"row\": [{\"pk\": 1, \"sort_order\": 0, \"body\": \"[{\\\"type\\\": \\\"image_block\\\", \\\"value\\\": {\\\"image\\\": 2, \\\"caption\\\": \\\"\\\", \\\"width\\\": \\\"\\\", \\\"height\\\": null, \\\"redirect_url\\\": \\\"\\\", \\\"custom_class\\\": \\\"col-md-12 mt-4\\\"}, \\\"id\\\": \\\"1460a2e8-f993-4227-a043-d19921c00828\\\"}]\", \"page\": 3}, {\"pk\": 2, \"sort_order\": 1, \"body\": \"[{\\\"type\\\": \\\"image_block\\\", \\\"value\\\": {\\\"image\\\": 1, \\\"caption\\\": \\\"\\\", \\\"width\\\": \\\"220\\\", \\\"height\\\": 75, \\\"redirect_url\\\": \\\"\\\", \\\"custom_class\\\": \\\"col-md-2 mx-auto\\\"}, \\\"id\\\": \\\"79c267c9-51a4-4cb9-8c96-6918df2b85eb\\\"}, {\\\"type\\\": \\\"heading_block\\\", \\\"value\\\": {\\\"heading_text\\\": \\\"Searching SRA Gateway\\\", \\\"size\\\": \\\"h1\\\", \\\"custom_class\\\": \\\"col-md-8 mx-auto ml-4\\\"}, \\\"id\\\": \\\"051d329e-2488-4d24-946d-89c991d3c949\\\"}]\", \"page\": 3}]}",
    "approved_go_live_at": null
  }
},
{
  "model": "wagtailcore.pagerevision",
  "pk": 11,
  "fields": {
    "page": 3,
    "submitted_for_moderation": false,
    "created_at": "2018-04-05T23:29:55.545Z",
    "user": [
      "stephenpaul2727"
    ],
    "content_json": "{\"pk\": 3, \"path\": \"000100010001\", \"depth\": 3, \"numchild\": 0, \"title\": \"Home\", \"draft_title\": \"Home\", \"slug\": \"home\", \"content_type\": 33, \"live\": true, \"has_unpublished_changes\": false, \"url_path\": \"/home/home/\", \"owner\": 1, \"seo_title\": \"\", \"show_in_menus\": false, \"search_description\": \"\", \"go_live_at\": null, \"expire_at\": null, \"expired\": false, \"locked\": false, \"first_published_at\": \"2018-04-05T23:03:07.327Z\", \"last_published_at\": \"2018-04-05T23:29:32.753Z\", \"latest_revision_created_at\": \"2018-04-05T23:29:32.724Z\", \"live_revision\": 10, \"row\": [{\"pk\": 1, \"sort_order\": 0, \"body\": \"[{\\\"type\\\": \\\"image_block\\\", \\\"value\\\": {\\\"image\\\": 2, \\\"caption\\\": \\\"\\\", \\\"width\\\": \\\"\\\", \\\"height\\\": null, \\\"redirect_url\\\": \\\"\\\", \\\"custom_class\\\": \\\"col-md-12 mt-4\\\"}, \\\"id\\\": \\\"1460a2e8-f993-4227-a043-d19921c00828\\\"}]\", \"page\": 3}, {\"pk\": 2, \"sort_order\": 1, \"body\": \"[{\\\"type\\\": \\\"image_block\\\", \\\"value\\\": {\\\"image\\\": 1, \\\"caption\\\": \\\"\\\", \\\"width\\\": \\\"220\\\", \\\"height\\\": 75, \\\"redirect_url\\\": \\\"\\\", \\\"custom_class\\\": \\\"col-md-2 mx-auto mt-4\\\"}, \\\"id\\\": \\\"79c267c9-51a4-4cb9-8c96-6918df2b85eb\\\"}, {\\\"type\\\": \\\"heading_block\\\", \\\"value\\\": {\\\"heading_text\\\": \\\"Searching SRA Gateway\\\", \\\"size\\\": \\\"h1\\\", \\\"custom_class\\\": \\\"col-md-8 mx-auto ml-4 mt-4\\\"}, \\\"id\\\": \\\"051d329e-2488-4d24-946d-89c991d3c949\\\"}]\", \"page\": 3}]}",
    "approved_go_live_at": null
  }
},
{
  "model": "wagtailcore.pagerevision",
  "pk": 12,
  "fields": {
    "page": 3,
    "submitted_for_moderation": false,
    "created_at": "2018-04-05T23:30:27.440Z",
    "user": [
      "stephenpaul2727"
    ],
    "content_json": "{\"pk\": 3, \"path\": \"000100010001\", \"depth\": 3, \"numchild\": 0, \"title\": \"Home\", \"draft_title\": \"Home\", \"slug\": \"home\", \"content_type\": 33, \"live\": true, \"has_unpublished_changes\": false, \"url_path\": \"/home/home/\", \"owner\": 1, \"seo_title\": \"\", \"show_in_menus\": false, \"search_description\": \"\", \"go_live_at\": null, \"expire_at\": null, \"expired\": false, \"locked\": false, \"first_published_at\": \"2018-04-05T23:03:07.327Z\", \"last_published_at\": \"2018-04-05T23:29:55.576Z\", \"latest_revision_created_at\": \"2018-04-05T23:29:55.545Z\", \"live_revision\": 11, \"row\": [{\"pk\": 1, \"sort_order\": 0, \"body\": \"[{\\\"type\\\": \\\"image_block\\\", \\\"value\\\": {\\\"image\\\": 2, \\\"caption\\\": \\\"\\\", \\\"width\\\": \\\"\\\", \\\"height\\\": null, \\\"redirect_url\\\": \\\"\\\", \\\"custom_class\\\": \\\"col-md-12 mt-4\\\"}, \\\"id\\\": \\\"1460a2e8-f993-4227-a043-d19921c00828\\\"}]\", \"page\": 3}, {\"pk\": 2, \"sort_order\": 1, \"body\": \"[{\\\"type\\\": \\\"image_block\\\", \\\"value\\\": {\\\"image\\\": 1, \\\"caption\\\": \\\"\\\", \\\"width\\\": \\\"220\\\", \\\"height\\\": 75, \\\"redirect_url\\\": \\\"\\\", \\\"custom_class\\\": \\\"col-md-2 mx-auto mt-4\\\"}, \\\"id\\\": \\\"79c267c9-51a4-4cb9-8c96-6918df2b85eb\\\"}, {\\\"type\\\": \\\"heading_block\\\", \\\"value\\\": {\\\"heading_text\\\": \\\"Searching SRA Gateway\\\", \\\"size\\\": \\\"h1\\\", \\\"custom_class\\\": \\\"col-md-10 mx-auto mt-4\\\"}, \\\"id\\\": \\\"051d329e-2488-4d24-946d-89c991d3c949\\\"}]\", \"page\": 3}]}",
    "approved_go_live_at": null
  }
},
{
  "model": "wagtailcore.pagerevision",
  "pk": 13,
  "fields": {
    "page": 3,
    "submitted_for_moderation": false,
    "created_at": "2018-04-05T23:31:14.116Z",
    "user": [
      "stephenpaul2727"
    ],
    "content_json": "{\"pk\": 3, \"path\": \"000100010001\", \"depth\": 3, \"numchild\": 0, \"title\": \"Home\", \"draft_title\": \"Home\", \"slug\": \"home\", \"content_type\": 33, \"live\": true, \"has_unpublished_changes\": false, \"url_path\": \"/home/home/\", \"owner\": 1, \"seo_title\": \"\", \"show_in_menus\": false, \"search_description\": \"\", \"go_live_at\": null, \"expire_at\": null, \"expired\": false, \"locked\": false, \"first_published_at\": \"2018-04-05T23:03:07.327Z\", \"last_published_at\": \"2018-04-05T23:30:27.481Z\", \"latest_revision_created_at\": \"2018-04-05T23:30:27.440Z\", \"live_revision\": 12, \"row\": [{\"pk\": 1, \"sort_order\": 0, \"body\": \"[{\\\"type\\\": \\\"image_block\\\", \\\"value\\\": {\\\"image\\\": 2, \\\"caption\\\": \\\"\\\", \\\"width\\\": \\\"\\\", \\\"height\\\": null, \\\"redirect_url\\\": \\\"\\\", \\\"custom_class\\\": \\\"col-md-12 mt-4\\\"}, \\\"id\\\": \\\"1460a2e8-f993-4227-a043-d19921c00828\\\"}]\", \"page\": 3}, {\"pk\": 2, \"sort_order\": 1, \"body\": \"[{\\\"type\\\": \\\"image_block\\\", \\\"value\\\": {\\\"image\\\": 1, \\\"caption\\\": \\\"\\\", \\\"width\\\": \\\"220\\\", \\\"height\\\": 75, \\\"redirect_url\\\": \\\"\\\", \\\"custom_class\\\": \\\"col-md-2 mx-auto mt-4\\\"}, \\\"id\\\": \\\"79c267c9-51a4-4cb9-8c96-6918df2b85eb\\\"}, {\\\"type\\\": \\\"heading_block\\\", \\\"value\\\": {\\\"heading_text\\\": \\\"Searching SRA Gateway\\\", \\\"size\\\": \\\"h1\\\", \\\"custom_class\\\": \\\"col-md-8 ml-auto mt-4\\\"}, \\\"id\\\": \\\"051d329e-2488-4d24-946d-89c991d3c949\\\"}]\", \"page\": 3}]}",
    "approved_go_live_at": null
  }
},
{
  "model": "wagtailcore.pagerevision",
  "pk": 14,
  "fields": {
    "page": 3,
    "submitted_for_moderation": false,
    "created_at": "2018-04-05T23:34:02.238Z",
    "user": [
      "stephenpaul2727"
    ],
    "content_json": "{\"pk\": 3, \"path\": \"000100010001\", \"depth\": 3, \"numchild\": 0, \"title\": \"Home\", \"draft_title\": \"Home\", \"slug\": \"home\", \"content_type\": 33, \"live\": true, \"has_unpublished_changes\": false, \"url_path\": \"/home/home/\", \"owner\": 1, \"seo_title\": \"\", \"show_in_menus\": false, \"search_description\": \"\", \"go_live_at\": null, \"expire_at\": null, \"expired\": false, \"locked\": false, \"first_published_at\": \"2018-04-05T23:03:07.327Z\", \"last_published_at\": \"2018-04-05T23:31:14.144Z\", \"latest_revision_created_at\": \"2018-04-05T23:31:14.116Z\", \"live_revision\": 13, \"row\": [{\"pk\": 1, \"sort_order\": 0, \"body\": \"[{\\\"type\\\": \\\"image_block\\\", \\\"value\\\": {\\\"image\\\": 2, \\\"caption\\\": \\\"\\\", \\\"width\\\": \\\"\\\", \\\"height\\\": null, \\\"redirect_url\\\": \\\"\\\", \\\"custom_class\\\": \\\"col-md-12 mt-4\\\"}, \\\"id\\\": \\\"1460a2e8-f993-4227-a043-d19921c00828\\\"}]\", \"page\": 3}, {\"pk\": 2, \"sort_order\": 1, \"body\": \"[{\\\"type\\\": \\\"image_block\\\", \\\"value\\\": {\\\"image\\\": 1, \\\"caption\\\": \\\"\\\", \\\"width\\\": \\\"220\\\", \\\"height\\\": 75, \\\"redirect_url\\\": \\\"\\\", \\\"custom_class\\\": \\\"col-md-2 mx-auto mt-4\\\"}, \\\"id\\\": \\\"79c267c9-51a4-4cb9-8c96-6918df2b85eb\\\"}, {\\\"type\\\": \\\"heading_block\\\", \\\"value\\\": {\\\"heading_text\\\": \\\"Searching SRA Gateway\\\", \\\"size\\\": \\\"h1\\\", \\\"custom_class\\\": \\\"col-md-8 ml-auto mt-4\\\"}, \\\"id\\\": \\\"051d329e-2488-4d24-946d-89c991d3c949\\\"}]\", \"page\": 3}, {\"pk\": null, \"sort_order\": 2, \"body\": \"[{\\\"type\\\": \\\"paragraph_block\\\", \\\"value\\\": {\\\"custom_class\\\": \\\"col-md-2 mx-auto\\\", \\\"body\\\": \\\"<h4></h4><hr/><p></p><h4><a href=\\\\\\\"http://searchsra.scigap.org/login\\\\\\\"><b>Login</b></a></h4><hr/><p></p><h4><a href=\\\\\\\"http://searchsra.scigap.org/create\\\\\\\"><b>Register</b></a></h4><hr/><p></p>\\\"}, \\\"id\\\": \\\"7f899743-ff1a-496c-8223-1922763f5c2f\\\"}, {\\\"type\\\": \\\"paragraph_block\\\", \\\"value\\\": {\\\"custom_class\\\": \\\"col-md-8 ml-auto\\\", \\\"body\\\": \\\"<h2><b>Welcome!</b></h2><p>The Sequence Read Archive is NCBI\\\\u2019s flagship database that makes biological sequence data available to the research community to enhance reproducibility and allow for new discoveries by comparing data sets. Searching SRA gateway is part of the joint project that will innovate a resource that will allow researchers to explore data in the SRA.</p>\\\"}, \\\"id\\\": \\\"1cddf952-fc7e-423f-9e74-b702ba43e8c4\\\"}]\", \"page\": 3}]}",
    "approved_go_live_at": null
  }
},
{
  "model": "wagtailcore.pagerevision",
  "pk": 15,
  "fields": {
    "page": 3,
    "submitted_for_moderation": false,
    "created_at": "2018-04-05T23:34:32.360Z",
    "user": [
      "stephenpaul2727"
    ],
    "content_json": "{\"pk\": 3, \"path\": \"000100010001\", \"depth\": 3, \"numchild\": 0, \"title\": \"Home\", \"draft_title\": \"Home\", \"slug\": \"home\", \"content_type\": 33, \"live\": true, \"has_unpublished_changes\": false, \"url_path\": \"/home/home/\", \"owner\": 1, \"seo_title\": \"\", \"show_in_menus\": false, \"search_description\": \"\", \"go_live_at\": null, \"expire_at\": null, \"expired\": false, \"locked\": false, \"first_published_at\": \"2018-04-05T23:03:07.327Z\", \"last_published_at\": \"2018-04-05T23:34:02.277Z\", \"latest_revision_created_at\": \"2018-04-05T23:34:02.238Z\", \"live_revision\": 14, \"row\": [{\"pk\": 1, \"sort_order\": 0, \"body\": \"[{\\\"type\\\": \\\"image_block\\\", \\\"value\\\": {\\\"image\\\": 2, \\\"caption\\\": \\\"\\\", \\\"width\\\": \\\"\\\", \\\"height\\\": null, \\\"redirect_url\\\": \\\"\\\", \\\"custom_class\\\": \\\"col-md-12 mt-4\\\"}, \\\"id\\\": \\\"1460a2e8-f993-4227-a043-d19921c00828\\\"}]\", \"page\": 3}, {\"pk\": 2, \"sort_order\": 1, \"body\": \"[{\\\"type\\\": \\\"image_block\\\", \\\"value\\\": {\\\"image\\\": 1, \\\"caption\\\": \\\"\\\", \\\"width\\\": \\\"220\\\", \\\"height\\\": 75, \\\"redirect_url\\\": \\\"\\\", \\\"custom_class\\\": \\\"col-md-2 mx-auto mt-4\\\"}, \\\"id\\\": \\\"79c267c9-51a4-4cb9-8c96-6918df2b85eb\\\"}, {\\\"type\\\": \\\"heading_block\\\", \\\"value\\\": {\\\"heading_text\\\": \\\"Searching SRA Gateway\\\", \\\"size\\\": \\\"h1\\\", \\\"custom_class\\\": \\\"col-md-8 ml-auto mt-4\\\"}, \\\"id\\\": \\\"051d329e-2488-4d24-946d-89c991d3c949\\\"}]\", \"page\": 3}, {\"pk\": 3, \"sort_order\": 2, \"body\": \"[{\\\"type\\\": \\\"paragraph_block\\\", \\\"value\\\": {\\\"custom_class\\\": \\\"col-md-2 mx-auto\\\", \\\"body\\\": \\\"<h4></h4><hr/><p></p><h4><a href=\\\\\\\"http://searchsra.scigap.org/login\\\\\\\"><b>Login</b></a></h4><hr/><p></p><h4><a href=\\\\\\\"http://searchsra.scigap.org/create\\\\\\\"><b>Register</b></a></h4><hr/><p></p>\\\"}, \\\"id\\\": \\\"7f899743-ff1a-496c-8223-1922763f5c2f\\\"}, {\\\"type\\\": \\\"paragraph_block\\\", \\\"value\\\": {\\\"custom_class\\\": \\\"col-md-8 ml-auto\\\", \\\"body\\\": \\\"<h2><b>Welcome!</b></h2><p>The Sequence Read Archive is NCBI\\\\u2019s flagship database that makes biological sequence data available to the research community to enhance reproducibility and allow for new discoveries by comparing data sets. Searching SRA gateway is part of the joint project that will innovate a resource that will allow researchers to explore data in the SRA.</p>\\\"}, \\\"id\\\": \\\"1cddf952-fc7e-423f-9e74-b702ba43e8c4\\\"}]\", \"page\": 3}]}",
    "approved_go_live_at": null
  }
},
{
  "model": "wagtailcore.pagerevision",
  "pk": 16,
  "fields": {
    "page": 3,
    "submitted_for_moderation": false,
    "created_at": "2018-04-05T23:34:53.441Z",
    "user": [
      "stephenpaul2727"
    ],
    "content_json": "{\"pk\": 3, \"path\": \"000100010001\", \"depth\": 3, \"numchild\": 0, \"title\": \"Home\", \"draft_title\": \"Home\", \"slug\": \"home\", \"content_type\": 33, \"live\": true, \"has_unpublished_changes\": false, \"url_path\": \"/home/home/\", \"owner\": 1, \"seo_title\": \"\", \"show_in_menus\": false, \"search_description\": \"\", \"go_live_at\": null, \"expire_at\": null, \"expired\": false, \"locked\": false, \"first_published_at\": \"2018-04-05T23:03:07.327Z\", \"last_published_at\": \"2018-04-05T23:34:32.391Z\", \"latest_revision_created_at\": \"2018-04-05T23:34:32.360Z\", \"live_revision\": 15, \"row\": [{\"pk\": 1, \"sort_order\": 0, \"body\": \"[{\\\"type\\\": \\\"image_block\\\", \\\"value\\\": {\\\"image\\\": 2, \\\"caption\\\": \\\"\\\", \\\"width\\\": \\\"\\\", \\\"height\\\": null, \\\"redirect_url\\\": \\\"\\\", \\\"custom_class\\\": \\\"col-md-12 mt-4\\\"}, \\\"id\\\": \\\"1460a2e8-f993-4227-a043-d19921c00828\\\"}]\", \"page\": 3}, {\"pk\": 2, \"sort_order\": 1, \"body\": \"[{\\\"type\\\": \\\"image_block\\\", \\\"value\\\": {\\\"image\\\": 1, \\\"caption\\\": \\\"\\\", \\\"width\\\": \\\"220\\\", \\\"height\\\": 75, \\\"redirect_url\\\": \\\"\\\", \\\"custom_class\\\": \\\"col-md-2 mx-auto mt-4\\\"}, \\\"id\\\": \\\"79c267c9-51a4-4cb9-8c96-6918df2b85eb\\\"}, {\\\"type\\\": \\\"heading_block\\\", \\\"value\\\": {\\\"heading_text\\\": \\\"Searching SRA Gateway\\\", \\\"size\\\": \\\"h1\\\", \\\"custom_class\\\": \\\"col-md-8 ml-auto mt-4\\\"}, \\\"id\\\": \\\"051d329e-2488-4d24-946d-89c991d3c949\\\"}]\", \"page\": 3}, {\"pk\": 3, \"sort_order\": 2, \"body\": \"[{\\\"type\\\": \\\"paragraph_block\\\", \\\"value\\\": {\\\"custom_class\\\": \\\"col-md-2 mx-auto\\\", \\\"body\\\": \\\"<h4></h4><hr/><p></p><h4><a href=\\\\\\\"http://searchsra.scigap.org/login\\\\\\\">Login</a></h4><hr/><p></p><h4><a href=\\\\\\\"http://searchsra.scigap.org/create\\\\\\\">Register</a></h4><hr/><p></p>\\\"}, \\\"id\\\": \\\"7f899743-ff1a-496c-8223-1922763f5c2f\\\"}, {\\\"type\\\": \\\"paragraph_block\\\", \\\"value\\\": {\\\"custom_class\\\": \\\"col-md-8 ml-auto\\\", \\\"body\\\": \\\"<h2><b>Welcome!</b></h2><p>The Sequence Read Archive is NCBI\\\\u2019s flagship database that makes biological sequence data available to the research community to enhance reproducibility and allow for new discoveries by comparing data sets. Searching SRA gateway is part of the joint project that will innovate a resource that will allow researchers to explore data in the SRA.</p>\\\"}, \\\"id\\\": \\\"1cddf952-fc7e-423f-9e74-b702ba43e8c4\\\"}]\", \"page\": 3}]}",
    "approved_go_live_at": null
  }
},
{
  "model": "wagtailcore.pagerevision",
  "pk": 17,
  "fields": {
    "page": 3,
    "submitted_for_moderation": false,
    "created_at": "2018-04-05T23:35:14.871Z",
    "user": [
      "stephenpaul2727"
    ],
    "content_json": "{\"pk\": 3, \"path\": \"000100010001\", \"depth\": 3, \"numchild\": 0, \"title\": \"Home\", \"draft_title\": \"Home\", \"slug\": \"home\", \"content_type\": 33, \"live\": true, \"has_unpublished_changes\": false, \"url_path\": \"/home/home/\", \"owner\": 1, \"seo_title\": \"\", \"show_in_menus\": false, \"search_description\": \"\", \"go_live_at\": null, \"expire_at\": null, \"expired\": false, \"locked\": false, \"first_published_at\": \"2018-04-05T23:03:07.327Z\", \"last_published_at\": \"2018-04-05T23:34:53.467Z\", \"latest_revision_created_at\": \"2018-04-05T23:34:53.441Z\", \"live_revision\": 16, \"row\": [{\"pk\": 1, \"sort_order\": 0, \"body\": \"[{\\\"type\\\": \\\"image_block\\\", \\\"value\\\": {\\\"image\\\": 2, \\\"caption\\\": \\\"\\\", \\\"width\\\": \\\"\\\", \\\"height\\\": null, \\\"redirect_url\\\": \\\"\\\", \\\"custom_class\\\": \\\"col-md-12 mt-4\\\"}, \\\"id\\\": \\\"1460a2e8-f993-4227-a043-d19921c00828\\\"}]\", \"page\": 3}, {\"pk\": 2, \"sort_order\": 1, \"body\": \"[{\\\"type\\\": \\\"image_block\\\", \\\"value\\\": {\\\"image\\\": 1, \\\"caption\\\": \\\"\\\", \\\"width\\\": \\\"220\\\", \\\"height\\\": 75, \\\"redirect_url\\\": \\\"\\\", \\\"custom_class\\\": \\\"col-md-2 mx-auto mt-4\\\"}, \\\"id\\\": \\\"79c267c9-51a4-4cb9-8c96-6918df2b85eb\\\"}, {\\\"type\\\": \\\"heading_block\\\", \\\"value\\\": {\\\"heading_text\\\": \\\"Searching SRA Gateway\\\", \\\"size\\\": \\\"h1\\\", \\\"custom_class\\\": \\\"col-md-8 ml-auto mt-4\\\"}, \\\"id\\\": \\\"051d329e-2488-4d24-946d-89c991d3c949\\\"}]\", \"page\": 3}, {\"pk\": 3, \"sort_order\": 2, \"body\": \"[{\\\"type\\\": \\\"paragraph_block\\\", \\\"value\\\": {\\\"custom_class\\\": \\\"col-md-2 mx-auto\\\", \\\"body\\\": \\\"<h4></h4><hr/><p></p><h4><a href=\\\\\\\"http://searchsra.scigap.org/login\\\\\\\">Login</a></h4><hr/><p></p><h4><a href=\\\\\\\"http://searchsra.scigap.org/create\\\\\\\">Register</a></h4><hr/><p></p>\\\"}, \\\"id\\\": \\\"7f899743-ff1a-496c-8223-1922763f5c2f\\\"}, {\\\"type\\\": \\\"paragraph_block\\\", \\\"value\\\": {\\\"custom_class\\\": \\\"col-md-8 ml-auto\\\", \\\"body\\\": \\\"<h2>Welcome!</h2><p>The Sequence Read Archive is NCBI\\\\u2019s flagship database that makes biological sequence data available to the research community to enhance reproducibility and allow for new discoveries by comparing data sets. Searching SRA gateway is part of the joint project that will innovate a resource that will allow researchers to explore data in the SRA.</p>\\\"}, \\\"id\\\": \\\"1cddf952-fc7e-423f-9e74-b702ba43e8c4\\\"}]\", \"page\": 3}]}",
    "approved_go_live_at": null
  }
},
{
  "model": "wagtailcore.pagerevision",
  "pk": 18,
  "fields": {
    "page": 3,
    "submitted_for_moderation": false,
    "created_at": "2018-04-05T23:37:57.811Z",
    "user": [
      "stephenpaul2727"
    ],
    "content_json": "{\"pk\": 3, \"path\": \"000100010001\", \"depth\": 3, \"numchild\": 0, \"title\": \"Home\", \"draft_title\": \"Home\", \"slug\": \"home\", \"content_type\": 33, \"live\": true, \"has_unpublished_changes\": false, \"url_path\": \"/home/home/\", \"owner\": 1, \"seo_title\": \"\", \"show_in_menus\": false, \"search_description\": \"\", \"go_live_at\": null, \"expire_at\": null, \"expired\": false, \"locked\": false, \"first_published_at\": \"2018-04-05T23:03:07.327Z\", \"last_published_at\": \"2018-04-05T23:35:14.905Z\", \"latest_revision_created_at\": \"2018-04-05T23:35:14.871Z\", \"live_revision\": 17, \"row\": [{\"pk\": 1, \"sort_order\": 0, \"body\": \"[{\\\"type\\\": \\\"image_block\\\", \\\"value\\\": {\\\"image\\\": 2, \\\"caption\\\": \\\"\\\", \\\"width\\\": \\\"\\\", \\\"height\\\": null, \\\"redirect_url\\\": \\\"\\\", \\\"custom_class\\\": \\\"col-md-12 mt-4\\\"}, \\\"id\\\": \\\"1460a2e8-f993-4227-a043-d19921c00828\\\"}]\", \"page\": 3}, {\"pk\": 2, \"sort_order\": 1, \"body\": \"[{\\\"type\\\": \\\"image_block\\\", \\\"value\\\": {\\\"image\\\": 1, \\\"caption\\\": \\\"\\\", \\\"width\\\": \\\"220\\\", \\\"height\\\": 75, \\\"redirect_url\\\": \\\"\\\", \\\"custom_class\\\": \\\"col-md-2 mx-auto mt-5\\\"}, \\\"id\\\": \\\"79c267c9-51a4-4cb9-8c96-6918df2b85eb\\\"}, {\\\"type\\\": \\\"heading_block\\\", \\\"value\\\": {\\\"heading_text\\\": \\\"Searching SRA Gateway\\\", \\\"size\\\": \\\"h1\\\", \\\"custom_class\\\": \\\"col-md-8 ml-auto mt-5\\\"}, \\\"id\\\": \\\"051d329e-2488-4d24-946d-89c991d3c949\\\"}]\", \"page\": 3}, {\"pk\": 3, \"sort_order\": 2, \"body\": \"[{\\\"type\\\": \\\"paragraph_block\\\", \\\"value\\\": {\\\"custom_class\\\": \\\"col-md-2 mx-auto\\\", \\\"body\\\": \\\"<h4></h4><hr/><p></p><h4><a href=\\\\\\\"http://searchsra.scigap.org/login\\\\\\\">Login</a></h4><hr/><p></p><h4><a href=\\\\\\\"http://searchsra.scigap.org/create\\\\\\\">Register</a></h4><hr/><p></p>\\\"}, \\\"id\\\": \\\"7f899743-ff1a-496c-8223-1922763f5c2f\\\"}, {\\\"type\\\": \\\"paragraph_block\\\", \\\"value\\\": {\\\"custom_class\\\": \\\"col-md-8 ml-auto\\\", \\\"body\\\": \\\"<h2>Welcome!</h2><p>The Sequence Read Archive is NCBI\\\\u2019s flagship database that makes biological sequence data available to the research community to enhance reproducibility and allow for new discoveries by comparing data sets. Searching SRA gateway is part of the joint project that will innovate a resource that will allow researchers to explore data in the SRA.</p>\\\"}, \\\"id\\\": \\\"1cddf952-fc7e-423f-9e74-b702ba43e8c4\\\"}]\", \"page\": 3}]}",
    "approved_go_live_at": null
  }
},
{
  "model": "wagtailcore.pagerevision",
  "pk": 19,
  "fields": {
    "page": 3,
    "submitted_for_moderation": false,
    "created_at": "2018-04-05T23:39:04.247Z",
    "user": [
      "stephenpaul2727"
    ],
    "content_json": "{\"pk\": 3, \"path\": \"000100010001\", \"depth\": 3, \"numchild\": 0, \"title\": \"Home\", \"draft_title\": \"Home\", \"slug\": \"home\", \"content_type\": 33, \"live\": true, \"has_unpublished_changes\": false, \"url_path\": \"/home/home/\", \"owner\": 1, \"seo_title\": \"\", \"show_in_menus\": false, \"search_description\": \"\", \"go_live_at\": null, \"expire_at\": null, \"expired\": false, \"locked\": false, \"first_published_at\": \"2018-04-05T23:03:07.327Z\", \"last_published_at\": \"2018-04-05T23:37:57.840Z\", \"latest_revision_created_at\": \"2018-04-05T23:37:57.811Z\", \"live_revision\": 18, \"row\": [{\"pk\": 1, \"sort_order\": 0, \"body\": \"[{\\\"type\\\": \\\"image_block\\\", \\\"value\\\": {\\\"image\\\": 2, \\\"caption\\\": \\\"\\\", \\\"width\\\": \\\"\\\", \\\"height\\\": null, \\\"redirect_url\\\": \\\"\\\", \\\"custom_class\\\": \\\"col-md-12 mt-4\\\"}, \\\"id\\\": \\\"1460a2e8-f993-4227-a043-d19921c00828\\\"}]\", \"page\": 3}, {\"pk\": 2, \"sort_order\": 1, \"body\": \"[{\\\"type\\\": \\\"image_block\\\", \\\"value\\\": {\\\"image\\\": 1, \\\"caption\\\": \\\"\\\", \\\"width\\\": \\\"240\\\", \\\"height\\\": 60, \\\"redirect_url\\\": \\\"\\\", \\\"custom_class\\\": \\\"col-md-2 mx-auto mt-5\\\"}, \\\"id\\\": \\\"79c267c9-51a4-4cb9-8c96-6918df2b85eb\\\"}, {\\\"type\\\": \\\"heading_block\\\", \\\"value\\\": {\\\"heading_text\\\": \\\"Searching SRA Gateway\\\", \\\"size\\\": \\\"h1\\\", \\\"custom_class\\\": \\\"col-md-8 ml-auto mt-5\\\"}, \\\"id\\\": \\\"051d329e-2488-4d24-946d-89c991d3c949\\\"}]\", \"page\": 3}, {\"pk\": 3, \"sort_order\": 2, \"body\": \"[{\\\"type\\\": \\\"paragraph_block\\\", \\\"value\\\": {\\\"custom_class\\\": \\\"col-md-2 mx-auto\\\", \\\"body\\\": \\\"<h4></h4><hr/><p></p><h4><a href=\\\\\\\"http://searchsra.scigap.org/login\\\\\\\">Login</a></h4><hr/><p></p><h4><a href=\\\\\\\"http://searchsra.scigap.org/create\\\\\\\">Register</a></h4><hr/><p></p>\\\"}, \\\"id\\\": \\\"7f899743-ff1a-496c-8223-1922763f5c2f\\\"}, {\\\"type\\\": \\\"paragraph_block\\\", \\\"value\\\": {\\\"custom_class\\\": \\\"col-md-8 ml-auto\\\", \\\"body\\\": \\\"<h2>Welcome!</h2><p>The Sequence Read Archive is NCBI\\\\u2019s flagship database that makes biological sequence data available to the research community to enhance reproducibility and allow for new discoveries by comparing data sets. Searching SRA gateway is part of the joint project that will innovate a resource that will allow researchers to explore data in the SRA.</p>\\\"}, \\\"id\\\": \\\"1cddf952-fc7e-423f-9e74-b702ba43e8c4\\\"}]\", \"page\": 3}]}",
    "approved_go_live_at": null
  }
},
{
  "model": "wagtailcore.pagerevision",
  "pk": 20,
  "fields": {
    "page": 3,
    "submitted_for_moderation": false,
    "created_at": "2018-04-05T23:42:14.134Z",
    "user": [
      "stephenpaul2727"
    ],
    "content_json": "{\"pk\": 3, \"path\": \"000100010001\", \"depth\": 3, \"numchild\": 0, \"title\": \"Home\", \"draft_title\": \"Home\", \"slug\": \"home\", \"content_type\": 33, \"live\": true, \"has_unpublished_changes\": false, \"url_path\": \"/home/home/\", \"owner\": 1, \"seo_title\": \"\", \"show_in_menus\": false, \"search_description\": \"\", \"go_live_at\": null, \"expire_at\": null, \"expired\": false, \"locked\": false, \"first_published_at\": \"2018-04-05T23:03:07.327Z\", \"last_published_at\": \"2018-04-05T23:39:04.290Z\", \"latest_revision_created_at\": \"2018-04-05T23:39:04.247Z\", \"live_revision\": 19, \"row\": [{\"pk\": 1, \"sort_order\": 0, \"body\": \"[{\\\"type\\\": \\\"image_block\\\", \\\"value\\\": {\\\"image\\\": 2, \\\"caption\\\": \\\"\\\", \\\"width\\\": \\\"\\\", \\\"height\\\": null, \\\"redirect_url\\\": \\\"\\\", \\\"custom_class\\\": \\\"col-md-12 mt-4\\\"}, \\\"id\\\": \\\"1460a2e8-f993-4227-a043-d19921c00828\\\"}]\", \"page\": 3}, {\"pk\": 2, \"sort_order\": 1, \"body\": \"[{\\\"type\\\": \\\"image_block\\\", \\\"value\\\": {\\\"image\\\": 1, \\\"caption\\\": \\\"\\\", \\\"width\\\": \\\"240\\\", \\\"height\\\": 60, \\\"redirect_url\\\": \\\"\\\", \\\"custom_class\\\": \\\"col-md-2 mx-auto mt-5\\\"}, \\\"id\\\": \\\"79c267c9-51a4-4cb9-8c96-6918df2b85eb\\\"}, {\\\"type\\\": \\\"heading_block\\\", \\\"value\\\": {\\\"heading_text\\\": \\\"Searching SRA Gateway\\\", \\\"size\\\": \\\"h1\\\", \\\"custom_class\\\": \\\"col-md-8 ml-auto mt-5\\\"}, \\\"id\\\": \\\"051d329e-2488-4d24-946d-89c991d3c949\\\"}]\", \"page\": 3}, {\"pk\": 3, \"sort_order\": 2, \"body\": \"[{\\\"type\\\": \\\"paragraph_block\\\", \\\"value\\\": {\\\"custom_class\\\": \\\"col-md-2 mx-auto\\\", \\\"body\\\": \\\"<h4></h4><hr/><p></p><h4><a href=\\\\\\\"http://searchsra.scigap.org/login\\\\\\\">Login</a></h4><hr/><p></p><h4><a href=\\\\\\\"http://searchsra.scigap.org/create\\\\\\\">Register</a></h4><hr/><p></p>\\\"}, \\\"id\\\": \\\"7f899743-ff1a-496c-8223-1922763f5c2f\\\"}, {\\\"type\\\": \\\"paragraph_block\\\", \\\"value\\\": {\\\"custom_class\\\": \\\"col-md-8 ml-auto\\\", \\\"body\\\": \\\"<h2>Welcome!</h2><p>The Sequence Read Archive is NCBI\\\\u2019s flagship database that makes biological sequence data available to the research community to enhance reproducibility and allow for new discoveries by comparing data sets. Searching SRA gateway is part of the joint project that will innovate a resource that will allow researchers to explore data in the SRA.</p>\\\"}, \\\"id\\\": \\\"1cddf952-fc7e-423f-9e74-b702ba43e8c4\\\"}]\", \"page\": 3}, {\"pk\": null, \"sort_order\": 3, \"body\": \"[{\\\"type\\\": \\\"placeholder_block\\\", \\\"value\\\": {\\\"custom_class\\\": \\\"col-md-2 mx-auto\\\"}, \\\"id\\\": \\\"6c71eb29-4cde-4627-ae76-abb8e516be8d\\\"}, {\\\"type\\\": \\\"image_block\\\", \\\"value\\\": {\\\"image\\\": 3, \\\"caption\\\": \\\"\\\", \\\"width\\\": \\\"400\\\", \\\"height\\\": 200, \\\"redirect_url\\\": \\\"\\\", \\\"custom_class\\\": \\\"col-md-4 mr-auto\\\"}, \\\"id\\\": \\\"c18fe08c-a587-419e-8139-620b2134373d\\\"}, {\\\"type\\\": \\\"image_block\\\", \\\"value\\\": {\\\"image\\\": 4, \\\"caption\\\": \\\"\\\", \\\"width\\\": \\\"400\\\", \\\"height\\\": 200, \\\"redirect_url\\\": \\\"\\\", \\\"custom_class\\\": \\\"col-md-4 mr-auto\\\"}, \\\"id\\\": \\\"99b24b30-f53b-48f9-8b1d-58bd9b068e73\\\"}]\", \"page\": 3}]}",
    "approved_go_live_at": null
  }
},
{
  "model": "wagtailcore.pagerevision",
  "pk": 21,
  "fields": {
    "page": 3,
    "submitted_for_moderation": false,
    "created_at": "2018-04-05T23:42:43.206Z",
    "user": [
      "stephenpaul2727"
    ],
    "content_json": "{\"pk\": 3, \"path\": \"000100010001\", \"depth\": 3, \"numchild\": 0, \"title\": \"Home\", \"draft_title\": \"Home\", \"slug\": \"home\", \"content_type\": 33, \"live\": true, \"has_unpublished_changes\": false, \"url_path\": \"/home/home/\", \"owner\": 1, \"seo_title\": \"\", \"show_in_menus\": false, \"search_description\": \"\", \"go_live_at\": null, \"expire_at\": null, \"expired\": false, \"locked\": false, \"first_published_at\": \"2018-04-05T23:03:07.327Z\", \"last_published_at\": \"2018-04-05T23:42:14.170Z\", \"latest_revision_created_at\": \"2018-04-05T23:42:14.134Z\", \"live_revision\": 20, \"row\": [{\"pk\": 1, \"sort_order\": 0, \"body\": \"[{\\\"type\\\": \\\"image_block\\\", \\\"value\\\": {\\\"image\\\": 2, \\\"caption\\\": \\\"\\\", \\\"width\\\": \\\"\\\", \\\"height\\\": null, \\\"redirect_url\\\": \\\"\\\", \\\"custom_class\\\": \\\"col-md-12 mt-4\\\"}, \\\"id\\\": \\\"1460a2e8-f993-4227-a043-d19921c00828\\\"}]\", \"page\": 3}, {\"pk\": 2, \"sort_order\": 1, \"body\": \"[{\\\"type\\\": \\\"image_block\\\", \\\"value\\\": {\\\"image\\\": 1, \\\"caption\\\": \\\"\\\", \\\"width\\\": \\\"240\\\", \\\"height\\\": 60, \\\"redirect_url\\\": \\\"\\\", \\\"custom_class\\\": \\\"col-md-2 mx-auto mt-5\\\"}, \\\"id\\\": \\\"79c267c9-51a4-4cb9-8c96-6918df2b85eb\\\"}, {\\\"type\\\": \\\"heading_block\\\", \\\"value\\\": {\\\"heading_text\\\": \\\"Searching SRA Gateway\\\", \\\"size\\\": \\\"h1\\\", \\\"custom_class\\\": \\\"col-md-8 ml-auto mt-5\\\"}, \\\"id\\\": \\\"051d329e-2488-4d24-946d-89c991d3c949\\\"}]\", \"page\": 3}, {\"pk\": 3, \"sort_order\": 2, \"body\": \"[{\\\"type\\\": \\\"paragraph_block\\\", \\\"value\\\": {\\\"custom_class\\\": \\\"col-md-2 mx-auto\\\", \\\"body\\\": \\\"<h4></h4><hr/><p></p><h4><a href=\\\\\\\"http://searchsra.scigap.org/login\\\\\\\">Login</a></h4><hr/><p></p><h4><a href=\\\\\\\"http://searchsra.scigap.org/create\\\\\\\">Register</a></h4><hr/><p></p>\\\"}, \\\"id\\\": \\\"7f899743-ff1a-496c-8223-1922763f5c2f\\\"}, {\\\"type\\\": \\\"paragraph_block\\\", \\\"value\\\": {\\\"custom_class\\\": \\\"col-md-8 ml-auto\\\", \\\"body\\\": \\\"<h2>Welcome!</h2><p>The Sequence Read Archive is NCBI\\\\u2019s flagship database that makes biological sequence data available to the research community to enhance reproducibility and allow for new discoveries by comparing data sets. Searching SRA gateway is part of the joint project that will innovate a resource that will allow researchers to explore data in the SRA.</p>\\\"}, \\\"id\\\": \\\"1cddf952-fc7e-423f-9e74-b702ba43e8c4\\\"}]\", \"page\": 3}, {\"pk\": 4, \"sort_order\": 3, \"body\": \"[{\\\"type\\\": \\\"placeholder_block\\\", \\\"value\\\": {\\\"custom_class\\\": \\\"col-md-2 mx-auto\\\"}, \\\"id\\\": \\\"6c71eb29-4cde-4627-ae76-abb8e516be8d\\\"}, {\\\"type\\\": \\\"image_block\\\", \\\"value\\\": {\\\"image\\\": 3, \\\"caption\\\": \\\"\\\", \\\"width\\\": \\\"400\\\", \\\"height\\\": 200, \\\"redirect_url\\\": \\\"\\\", \\\"custom_class\\\": \\\"col-md-4 ml-auto\\\"}, \\\"id\\\": \\\"c18fe08c-a587-419e-8139-620b2134373d\\\"}, {\\\"type\\\": \\\"image_block\\\", \\\"value\\\": {\\\"image\\\": 4, \\\"caption\\\": \\\"\\\", \\\"width\\\": \\\"400\\\", \\\"height\\\": 200, \\\"redirect_url\\\": \\\"\\\", \\\"custom_class\\\": \\\"col-md-4 ml-auto\\\"}, \\\"id\\\": \\\"99b24b30-f53b-48f9-8b1d-58bd9b068e73\\\"}]\", \"page\": 3}]}",
    "approved_go_live_at": null
  }
},
{
  "model": "wagtailcore.pagerevision",
  "pk": 22,
  "fields": {
    "page": 3,
    "submitted_for_moderation": false,
    "created_at": "2018-04-05T23:43:14.393Z",
    "user": [
      "stephenpaul2727"
    ],
    "content_json": "{\"pk\": 3, \"path\": \"000100010001\", \"depth\": 3, \"numchild\": 0, \"title\": \"Home\", \"draft_title\": \"Home\", \"slug\": \"home\", \"content_type\": 33, \"live\": true, \"has_unpublished_changes\": false, \"url_path\": \"/home/home/\", \"owner\": 1, \"seo_title\": \"\", \"show_in_menus\": false, \"search_description\": \"\", \"go_live_at\": null, \"expire_at\": null, \"expired\": false, \"locked\": false, \"first_published_at\": \"2018-04-05T23:03:07.327Z\", \"last_published_at\": \"2018-04-05T23:42:43.240Z\", \"latest_revision_created_at\": \"2018-04-05T23:42:43.206Z\", \"live_revision\": 21, \"row\": [{\"pk\": 1, \"sort_order\": 0, \"body\": \"[{\\\"type\\\": \\\"image_block\\\", \\\"value\\\": {\\\"image\\\": 2, \\\"caption\\\": \\\"\\\", \\\"width\\\": \\\"\\\", \\\"height\\\": null, \\\"redirect_url\\\": \\\"\\\", \\\"custom_class\\\": \\\"col-md-12 mt-4\\\"}, \\\"id\\\": \\\"1460a2e8-f993-4227-a043-d19921c00828\\\"}]\", \"page\": 3}, {\"pk\": 2, \"sort_order\": 1, \"body\": \"[{\\\"type\\\": \\\"image_block\\\", \\\"value\\\": {\\\"image\\\": 1, \\\"caption\\\": \\\"\\\", \\\"width\\\": \\\"240\\\", \\\"height\\\": 60, \\\"redirect_url\\\": \\\"\\\", \\\"custom_class\\\": \\\"col-md-2 mx-auto mt-5\\\"}, \\\"id\\\": \\\"79c267c9-51a4-4cb9-8c96-6918df2b85eb\\\"}, {\\\"type\\\": \\\"heading_block\\\", \\\"value\\\": {\\\"heading_text\\\": \\\"Searching SRA Gateway\\\", \\\"size\\\": \\\"h1\\\", \\\"custom_class\\\": \\\"col-md-8 ml-auto mt-5\\\"}, \\\"id\\\": \\\"051d329e-2488-4d24-946d-89c991d3c949\\\"}]\", \"page\": 3}, {\"pk\": 3, \"sort_order\": 2, \"body\": \"[{\\\"type\\\": \\\"paragraph_block\\\", \\\"value\\\": {\\\"custom_class\\\": \\\"col-md-2 mx-auto\\\", \\\"body\\\": \\\"<h4></h4><hr/><p></p><h4><a href=\\\\\\\"http://searchsra.scigap.org/login\\\\\\\">Login</a></h4><hr/><p></p><h4><a href=\\\\\\\"http://searchsra.scigap.org/create\\\\\\\">Register</a></h4><hr/><p></p>\\\"}, \\\"id\\\": \\\"7f899743-ff1a-496c-8223-1922763f5c2f\\\"}, {\\\"type\\\": \\\"paragraph_block\\\", \\\"value\\\": {\\\"custom_class\\\": \\\"col-md-8 ml-auto\\\", \\\"body\\\": \\\"<h2>Welcome!</h2><p>The Sequence Read Archive is NCBI\\\\u2019s flagship database that makes biological sequence data available to the research community to enhance reproducibility and allow for new discoveries by comparing data sets. Searching SRA gateway is part of the joint project that will innovate a resource that will allow researchers to explore data in the SRA.</p>\\\"}, \\\"id\\\": \\\"1cddf952-fc7e-423f-9e74-b702ba43e8c4\\\"}]\", \"page\": 3}, {\"pk\": 4, \"sort_order\": 3, \"body\": \"[{\\\"type\\\": \\\"placeholder_block\\\", \\\"value\\\": {\\\"custom_class\\\": \\\"col-md-2 mx-auto\\\"}, \\\"id\\\": \\\"6c71eb29-4cde-4627-ae76-abb8e516be8d\\\"}, {\\\"type\\\": \\\"image_block\\\", \\\"value\\\": {\\\"image\\\": 3, \\\"caption\\\": \\\"\\\", \\\"width\\\": \\\"350\\\", \\\"height\\\": 180, \\\"redirect_url\\\": \\\"\\\", \\\"custom_class\\\": \\\"col-md-4 ml-auto\\\"}, \\\"id\\\": \\\"c18fe08c-a587-419e-8139-620b2134373d\\\"}, {\\\"type\\\": \\\"image_block\\\", \\\"value\\\": {\\\"image\\\": 4, \\\"caption\\\": \\\"\\\", \\\"width\\\": \\\"350\\\", \\\"height\\\": 180, \\\"redirect_url\\\": \\\"\\\", \\\"custom_class\\\": \\\"col-md-4 ml-auto\\\"}, \\\"id\\\": \\\"99b24b30-f53b-48f9-8b1d-58bd9b068e73\\\"}]\", \"page\": 3}]}",
    "approved_go_live_at": null
  }
},
{
  "model": "wagtailcore.pagerevision",
  "pk": 23,
  "fields": {
    "page": 3,
    "submitted_for_moderation": false,
    "created_at": "2018-04-05T23:44:04.437Z",
    "user": [
      "stephenpaul2727"
    ],
    "content_json": "{\"pk\": 3, \"path\": \"000100010001\", \"depth\": 3, \"numchild\": 0, \"title\": \"Home\", \"draft_title\": \"Home\", \"slug\": \"home\", \"content_type\": 33, \"live\": true, \"has_unpublished_changes\": false, \"url_path\": \"/home/home/\", \"owner\": 1, \"seo_title\": \"\", \"show_in_menus\": false, \"search_description\": \"\", \"go_live_at\": null, \"expire_at\": null, \"expired\": false, \"locked\": false, \"first_published_at\": \"2018-04-05T23:03:07.327Z\", \"last_published_at\": \"2018-04-05T23:43:14.429Z\", \"latest_revision_created_at\": \"2018-04-05T23:43:14.393Z\", \"live_revision\": 22, \"row\": [{\"pk\": 1, \"sort_order\": 0, \"body\": \"[{\\\"type\\\": \\\"image_block\\\", \\\"value\\\": {\\\"image\\\": 2, \\\"caption\\\": \\\"\\\", \\\"width\\\": \\\"\\\", \\\"height\\\": null, \\\"redirect_url\\\": \\\"\\\", \\\"custom_class\\\": \\\"col-md-12 mt-4\\\"}, \\\"id\\\": \\\"1460a2e8-f993-4227-a043-d19921c00828\\\"}]\", \"page\": 3}, {\"pk\": 2, \"sort_order\": 1, \"body\": \"[{\\\"type\\\": \\\"image_block\\\", \\\"value\\\": {\\\"image\\\": 1, \\\"caption\\\": \\\"\\\", \\\"width\\\": \\\"240\\\", \\\"height\\\": 60, \\\"redirect_url\\\": \\\"\\\", \\\"custom_class\\\": \\\"col-md-2 mx-auto mt-5\\\"}, \\\"id\\\": \\\"79c267c9-51a4-4cb9-8c96-6918df2b85eb\\\"}, {\\\"type\\\": \\\"heading_block\\\", \\\"value\\\": {\\\"heading_text\\\": \\\"Searching SRA Gateway\\\", \\\"size\\\": \\\"h1\\\", \\\"custom_class\\\": \\\"col-md-8 ml-auto mt-5\\\"}, \\\"id\\\": \\\"051d329e-2488-4d24-946d-89c991d3c949\\\"}]\", \"page\": 3}, {\"pk\": 3, \"sort_order\": 2, \"body\": \"[{\\\"type\\\": \\\"paragraph_block\\\", \\\"value\\\": {\\\"custom_class\\\": \\\"col-md-2 mx-auto\\\", \\\"body\\\": \\\"<h4></h4><hr/><p></p><h4><a href=\\\\\\\"http://searchsra.scigap.org/login\\\\\\\">Login</a></h4><hr/><p></p><h4><a href=\\\\\\\"http://searchsra.scigap.org/create\\\\\\\">Register</a></h4><hr/><p></p>\\\"}, \\\"id\\\": \\\"7f899743-ff1a-496c-8223-1922763f5c2f\\\"}, {\\\"type\\\": \\\"paragraph_block\\\", \\\"value\\\": {\\\"custom_class\\\": \\\"col-md-8 ml-auto\\\", \\\"body\\\": \\\"<h2>Welcome!</h2><p>The Sequence Read Archive is NCBI\\\\u2019s flagship database that makes biological sequence data available to the research community to enhance reproducibility and allow for new discoveries by comparing data sets. Searching SRA gateway is part of the joint project that will innovate a resource that will allow researchers to explore data in the SRA.</p>\\\"}, \\\"id\\\": \\\"1cddf952-fc7e-423f-9e74-b702ba43e8c4\\\"}]\", \"page\": 3}, {\"pk\": 4, \"sort_order\": 3, \"body\": \"[{\\\"type\\\": \\\"placeholder_block\\\", \\\"value\\\": {\\\"custom_class\\\": \\\"col-md-2 mx-auto\\\"}, \\\"id\\\": \\\"6c71eb29-4cde-4627-ae76-abb8e516be8d\\\"}, {\\\"type\\\": \\\"image_block\\\", \\\"value\\\": {\\\"image\\\": 3, \\\"caption\\\": \\\"\\\", \\\"width\\\": \\\"\\\", \\\"height\\\": null, \\\"redirect_url\\\": \\\"\\\", \\\"custom_class\\\": \\\"col-md-4 ml-auto\\\"}, \\\"id\\\": \\\"c18fe08c-a587-419e-8139-620b2134373d\\\"}, {\\\"type\\\": \\\"image_block\\\", \\\"value\\\": {\\\"image\\\": 4, \\\"caption\\\": \\\"\\\", \\\"width\\\": \\\"\\\", \\\"height\\\": null, \\\"redirect_url\\\": \\\"\\\", \\\"custom_class\\\": \\\"col-md-4 ml-auto\\\"}, \\\"id\\\": \\\"99b24b30-f53b-48f9-8b1d-58bd9b068e73\\\"}]\", \"page\": 3}]}",
    "approved_go_live_at": null
  }
},
{
  "model": "wagtailcore.pagerevision",
  "pk": 24,
  "fields": {
    "page": 3,
    "submitted_for_moderation": false,
    "created_at": "2018-04-05T23:49:19.689Z",
    "user": [
      "stephenpaul2727"
    ],
    "content_json": "{\"pk\": 3, \"path\": \"000100010001\", \"depth\": 3, \"numchild\": 0, \"title\": \"Home\", \"draft_title\": \"Home\", \"slug\": \"home\", \"content_type\": 33, \"live\": true, \"has_unpublished_changes\": false, \"url_path\": \"/home/home/\", \"owner\": 1, \"seo_title\": \"\", \"show_in_menus\": false, \"search_description\": \"\", \"go_live_at\": null, \"expire_at\": null, \"expired\": false, \"locked\": false, \"first_published_at\": \"2018-04-05T23:03:07.327Z\", \"last_published_at\": \"2018-04-05T23:44:04.463Z\", \"latest_revision_created_at\": \"2018-04-05T23:44:04.437Z\", \"live_revision\": 23, \"row\": [{\"pk\": 1, \"sort_order\": 0, \"body\": \"[{\\\"type\\\": \\\"image_block\\\", \\\"value\\\": {\\\"image\\\": 2, \\\"caption\\\": \\\"\\\", \\\"width\\\": \\\"\\\", \\\"height\\\": null, \\\"redirect_url\\\": \\\"\\\", \\\"custom_class\\\": \\\"col-md-12 mt-4\\\"}, \\\"id\\\": \\\"1460a2e8-f993-4227-a043-d19921c00828\\\"}]\", \"page\": 3}, {\"pk\": 2, \"sort_order\": 1, \"body\": \"[{\\\"type\\\": \\\"image_block\\\", \\\"value\\\": {\\\"image\\\": 1, \\\"caption\\\": \\\"\\\", \\\"width\\\": \\\"240\\\", \\\"height\\\": 60, \\\"redirect_url\\\": \\\"\\\", \\\"custom_class\\\": \\\"col-md-2 mx-auto mt-5\\\"}, \\\"id\\\": \\\"79c267c9-51a4-4cb9-8c96-6918df2b85eb\\\"}, {\\\"type\\\": \\\"heading_block\\\", \\\"value\\\": {\\\"heading_text\\\": \\\"Searching SRA Gateway\\\", \\\"size\\\": \\\"h1\\\", \\\"custom_class\\\": \\\"col-md-8 ml-auto mt-5\\\"}, \\\"id\\\": \\\"051d329e-2488-4d24-946d-89c991d3c949\\\"}]\", \"page\": 3}, {\"pk\": 3, \"sort_order\": 2, \"body\": \"[{\\\"type\\\": \\\"paragraph_block\\\", \\\"value\\\": {\\\"custom_class\\\": \\\"col-md-2 mx-auto\\\", \\\"body\\\": \\\"<h4></h4><hr/><p></p><h4><a href=\\\\\\\"http://searchsra.scigap.org/login\\\\\\\">Login</a></h4><hr/><p></p><h4><a href=\\\\\\\"http://searchsra.scigap.org/create\\\\\\\">Register</a></h4><hr/><p></p>\\\"}, \\\"id\\\": \\\"7f899743-ff1a-496c-8223-1922763f5c2f\\\"}, {\\\"type\\\": \\\"paragraph_block\\\", \\\"value\\\": {\\\"custom_class\\\": \\\"col-md-8 ml-auto\\\", \\\"body\\\": \\\"<h2>Welcome!</h2><p>The Sequence Read Archive is NCBI\\\\u2019s flagship database that makes biological sequence data available to the research community to enhance reproducibility and allow for new discoveries by comparing data sets. Searching SRA gateway is part of the joint project that will innovate a resource that will allow researchers to explore data in the SRA.</p>\\\"}, \\\"id\\\": \\\"1cddf952-fc7e-423f-9e74-b702ba43e8c4\\\"}]\", \"page\": 3}, {\"pk\": 4, \"sort_order\": 3, \"body\": \"[{\\\"type\\\": \\\"placeholder_block\\\", \\\"value\\\": {\\\"custom_class\\\": \\\"col-md-2 mx-auto\\\"}, \\\"id\\\": \\\"6c71eb29-4cde-4627-ae76-abb8e516be8d\\\"}, {\\\"type\\\": \\\"bootstrap_card\\\", \\\"value\\\": {\\\"card_width\\\": 40, \\\"is_card_img\\\": true, \\\"card_img\\\": 3, \\\"card_img_width\\\": 450, \\\"card_img_height\\\": 180, \\\"card_title\\\": \\\"\\\", \\\"card_text\\\": \\\"<p>SciGaP is a hosted service with a public API that science gateways can use to manage applications and workflows running on remote supercomputers, as well as other services. Gateway developers can thus concentrate their efforts on building their scientific communities and not worry about operations.</p><p>Science Gateway Platform as a Service (SciGaP) provides application programmer interfaces (APIs) to hosted generic infrastructure services that can be used by domain science communities to create Science Gateways.</p><p><a href=\\\\\\\"http://scigap.org/\\\\\\\">Learn more </a></p>\\\", \\\"card_bg_color\\\": \\\"\\\", \\\"card_text_color\\\": \\\"\\\", \\\"btn_text\\\": \\\"\\\", \\\"btn_color\\\": \\\"\\\", \\\"btn_link\\\": \\\"\\\", \\\"custom_class\\\": \\\"col-md-4 ml-auto\\\"}, \\\"id\\\": \\\"773b57c5-379e-4925-a0fa-cb972e13ecb2\\\"}, {\\\"type\\\": \\\"bootstrap_card\\\", \\\"value\\\": {\\\"card_width\\\": 40, \\\"is_card_img\\\": true, \\\"card_img\\\": 4, \\\"card_img_width\\\": 450, \\\"card_img_height\\\": 180, \\\"card_title\\\": \\\"\\\", \\\"card_text\\\": \\\"<p>Apache Airavata is a software framework which is dominantly used to build Web-based science gateways and assist to compose, manage, execute and monitor large scale applications and workflows on distributed computing resources such as local clusters, supercomputers, national grids, academic and commercial clouds. Airavata mainly supports long running applications and workflows on distributed computational resources.</p><p><a href=\\\\\\\"http://airavata.apache.org/\\\\\\\">Learn more </a></p>\\\", \\\"card_bg_color\\\": \\\"\\\", \\\"card_text_color\\\": \\\"\\\", \\\"btn_text\\\": \\\"\\\", \\\"btn_color\\\": \\\"\\\", \\\"btn_link\\\": \\\"\\\", \\\"custom_class\\\": \\\"col-md-4 ml-auto\\\"}, \\\"id\\\": \\\"fa47723b-1b3f-4151-a0bd-5cb84521137d\\\"}]\", \"page\": 3}]}",
    "approved_go_live_at": null
  }
},
{
  "model": "wagtailcore.pagerevision",
  "pk": 25,
  "fields": {
    "page": 3,
    "submitted_for_moderation": false,
    "created_at": "2018-04-05T23:50:12.482Z",
    "user": [
      "stephenpaul2727"
    ],
    "content_json": "{\"pk\": 3, \"path\": \"000100010001\", \"depth\": 3, \"numchild\": 0, \"title\": \"Home\", \"draft_title\": \"Home\", \"slug\": \"home\", \"content_type\": 33, \"live\": true, \"has_unpublished_changes\": false, \"url_path\": \"/home/home/\", \"owner\": 1, \"seo_title\": \"\", \"show_in_menus\": false, \"search_description\": \"\", \"go_live_at\": null, \"expire_at\": null, \"expired\": false, \"locked\": false, \"first_published_at\": \"2018-04-05T23:03:07.327Z\", \"last_published_at\": \"2018-04-05T23:49:19.720Z\", \"latest_revision_created_at\": \"2018-04-05T23:49:19.689Z\", \"live_revision\": 24, \"row\": [{\"pk\": 1, \"sort_order\": 0, \"body\": \"[{\\\"type\\\": \\\"image_block\\\", \\\"value\\\": {\\\"image\\\": 2, \\\"caption\\\": \\\"\\\", \\\"width\\\": \\\"\\\", \\\"height\\\": null, \\\"redirect_url\\\": \\\"\\\", \\\"custom_class\\\": \\\"col-md-12 mt-4\\\"}, \\\"id\\\": \\\"1460a2e8-f993-4227-a043-d19921c00828\\\"}]\", \"page\": 3}, {\"pk\": 2, \"sort_order\": 1, \"body\": \"[{\\\"type\\\": \\\"image_block\\\", \\\"value\\\": {\\\"image\\\": 1, \\\"caption\\\": \\\"\\\", \\\"width\\\": \\\"240\\\", \\\"height\\\": 60, \\\"redirect_url\\\": \\\"\\\", \\\"custom_class\\\": \\\"col-md-2 mx-auto mt-5\\\"}, \\\"id\\\": \\\"79c267c9-51a4-4cb9-8c96-6918df2b85eb\\\"}, {\\\"type\\\": \\\"heading_block\\\", \\\"value\\\": {\\\"heading_text\\\": \\\"Searching SRA Gateway\\\", \\\"size\\\": \\\"h1\\\", \\\"custom_class\\\": \\\"col-md-8 ml-auto mt-5\\\"}, \\\"id\\\": \\\"051d329e-2488-4d24-946d-89c991d3c949\\\"}]\", \"page\": 3}, {\"pk\": 3, \"sort_order\": 2, \"body\": \"[{\\\"type\\\": \\\"paragraph_block\\\", \\\"value\\\": {\\\"custom_class\\\": \\\"col-md-2 mx-auto\\\", \\\"body\\\": \\\"<h4></h4><hr/><p></p><h4><a href=\\\\\\\"http://searchsra.scigap.org/login\\\\\\\">Login</a></h4><hr/><p></p><h4><a href=\\\\\\\"http://searchsra.scigap.org/create\\\\\\\">Register</a></h4><hr/><p></p>\\\"}, \\\"id\\\": \\\"7f899743-ff1a-496c-8223-1922763f5c2f\\\"}, {\\\"type\\\": \\\"paragraph_block\\\", \\\"value\\\": {\\\"custom_class\\\": \\\"col-md-8 ml-auto\\\", \\\"body\\\": \\\"<h2>Welcome!</h2><p>The Sequence Read Archive is NCBI\\\\u2019s flagship database that makes biological sequence data available to the research community to enhance reproducibility and allow for new discoveries by comparing data sets. Searching SRA gateway is part of the joint project that will innovate a resource that will allow researchers to explore data in the SRA.</p>\\\"}, \\\"id\\\": \\\"1cddf952-fc7e-423f-9e74-b702ba43e8c4\\\"}]\", \"page\": 3}, {\"pk\": 4, \"sort_order\": 3, \"body\": \"[{\\\"type\\\": \\\"placeholder_block\\\", \\\"value\\\": {\\\"custom_class\\\": \\\"col-md-2 mx-auto\\\"}, \\\"id\\\": \\\"6c71eb29-4cde-4627-ae76-abb8e516be8d\\\"}, {\\\"type\\\": \\\"bootstrap_card\\\", \\\"value\\\": {\\\"card_width\\\": 30, \\\"is_card_img\\\": true, \\\"card_img\\\": 3, \\\"card_img_width\\\": 450, \\\"card_img_height\\\": 180, \\\"card_title\\\": \\\"\\\", \\\"card_text\\\": \\\"<p>SciGaP is a hosted service with a public API that science gateways can use to manage applications and workflows running on remote supercomputers, as well as other services. Gateway developers can thus concentrate their efforts on building their scientific communities and not worry about operations.</p><p>Science Gateway Platform as a Service (SciGaP) provides application programmer interfaces (APIs) to hosted generic infrastructure services that can be used by domain science communities to create Science Gateways.</p><p><a href=\\\\\\\"http://scigap.org/\\\\\\\">Learn more</a></p>\\\", \\\"card_bg_color\\\": \\\"\\\", \\\"card_text_color\\\": \\\"\\\", \\\"btn_text\\\": \\\"\\\", \\\"btn_color\\\": \\\"\\\", \\\"btn_link\\\": \\\"\\\", \\\"custom_class\\\": \\\"col-md-4 ml-auto\\\"}, \\\"id\\\": \\\"773b57c5-379e-4925-a0fa-cb972e13ecb2\\\"}, {\\\"type\\\": \\\"bootstrap_card\\\", \\\"value\\\": {\\\"card_width\\\": 30, \\\"is_card_img\\\": true, \\\"card_img\\\": 4, \\\"card_img_width\\\": 450, \\\"card_img_height\\\": 180, \\\"card_title\\\": \\\"\\\", \\\"card_text\\\": \\\"<p>Apache Airavata is a software framework which is dominantly used to build Web-based science gateways and assist to compose, manage, execute and monitor large scale applications and workflows on distributed computing resources such as local clusters, supercomputers, national grids, academic and commercial clouds. Airavata mainly supports long running applications and workflows on distributed computational resources.</p><p><a href=\\\\\\\"http://airavata.apache.org/\\\\\\\">Learn more</a></p>\\\", \\\"card_bg_color\\\": \\\"\\\", \\\"card_text_color\\\": \\\"\\\", \\\"btn_text\\\": \\\"\\\", \\\"btn_color\\\": \\\"\\\", \\\"btn_link\\\": \\\"\\\", \\\"custom_class\\\": \\\"col-md-4 ml-auto\\\"}, \\\"id\\\": \\\"fa47723b-1b3f-4151-a0bd-5cb84521137d\\\"}]\", \"page\": 3}]}",
    "approved_go_live_at": null
  }
},
{
  "model": "wagtailcore.pagerevision",
  "pk": 26,
  "fields": {
    "page": 3,
    "submitted_for_moderation": false,
    "created_at": "2018-04-05T23:50:54.026Z",
    "user": [
      "stephenpaul2727"
    ],
    "content_json": "{\"pk\": 3, \"path\": \"000100010001\", \"depth\": 3, \"numchild\": 0, \"title\": \"Home\", \"draft_title\": \"Home\", \"slug\": \"home\", \"content_type\": 33, \"live\": true, \"has_unpublished_changes\": false, \"url_path\": \"/home/home/\", \"owner\": 1, \"seo_title\": \"\", \"show_in_menus\": false, \"search_description\": \"\", \"go_live_at\": null, \"expire_at\": null, \"expired\": false, \"locked\": false, \"first_published_at\": \"2018-04-05T23:03:07.327Z\", \"last_published_at\": \"2018-04-05T23:50:12.518Z\", \"latest_revision_created_at\": \"2018-04-05T23:50:12.482Z\", \"live_revision\": 25, \"row\": [{\"pk\": 1, \"sort_order\": 0, \"body\": \"[{\\\"type\\\": \\\"image_block\\\", \\\"value\\\": {\\\"image\\\": 2, \\\"caption\\\": \\\"\\\", \\\"width\\\": \\\"\\\", \\\"height\\\": null, \\\"redirect_url\\\": \\\"\\\", \\\"custom_class\\\": \\\"col-md-12 mt-4\\\"}, \\\"id\\\": \\\"1460a2e8-f993-4227-a043-d19921c00828\\\"}]\", \"page\": 3}, {\"pk\": 2, \"sort_order\": 1, \"body\": \"[{\\\"type\\\": \\\"image_block\\\", \\\"value\\\": {\\\"image\\\": 1, \\\"caption\\\": \\\"\\\", \\\"width\\\": \\\"240\\\", \\\"height\\\": 60, \\\"redirect_url\\\": \\\"\\\", \\\"custom_class\\\": \\\"col-md-2 mx-auto mt-5\\\"}, \\\"id\\\": \\\"79c267c9-51a4-4cb9-8c96-6918df2b85eb\\\"}, {\\\"type\\\": \\\"heading_block\\\", \\\"value\\\": {\\\"heading_text\\\": \\\"Searching SRA Gateway\\\", \\\"size\\\": \\\"h1\\\", \\\"custom_class\\\": \\\"col-md-8 ml-auto mt-5\\\"}, \\\"id\\\": \\\"051d329e-2488-4d24-946d-89c991d3c949\\\"}]\", \"page\": 3}, {\"pk\": 3, \"sort_order\": 2, \"body\": \"[{\\\"type\\\": \\\"paragraph_block\\\", \\\"value\\\": {\\\"custom_class\\\": \\\"col-md-2 mx-auto\\\", \\\"body\\\": \\\"<h4></h4><hr/><p></p><h4><a href=\\\\\\\"http://searchsra.scigap.org/login\\\\\\\">Login</a></h4><hr/><p></p><h4><a href=\\\\\\\"http://searchsra.scigap.org/create\\\\\\\">Register</a></h4><hr/><p></p>\\\"}, \\\"id\\\": \\\"7f899743-ff1a-496c-8223-1922763f5c2f\\\"}, {\\\"type\\\": \\\"paragraph_block\\\", \\\"value\\\": {\\\"custom_class\\\": \\\"col-md-8 ml-auto\\\", \\\"body\\\": \\\"<h2>Welcome!</h2><p>The Sequence Read Archive is NCBI\\\\u2019s flagship database that makes biological sequence data available to the research community to enhance reproducibility and allow for new discoveries by comparing data sets. Searching SRA gateway is part of the joint project that will innovate a resource that will allow researchers to explore data in the SRA.</p>\\\"}, \\\"id\\\": \\\"1cddf952-fc7e-423f-9e74-b702ba43e8c4\\\"}]\", \"page\": 3}, {\"pk\": 4, \"sort_order\": 3, \"body\": \"[{\\\"type\\\": \\\"placeholder_block\\\", \\\"value\\\": {\\\"custom_class\\\": \\\"col-md-2 mx-auto\\\"}, \\\"id\\\": \\\"6c71eb29-4cde-4627-ae76-abb8e516be8d\\\"}, {\\\"type\\\": \\\"bootstrap_card\\\", \\\"value\\\": {\\\"card_width\\\": 30, \\\"is_card_img\\\": true, \\\"card_img\\\": 3, \\\"card_img_width\\\": 450, \\\"card_img_height\\\": 180, \\\"card_title\\\": \\\"\\\", \\\"card_text\\\": \\\"<p>SciGaP is a hosted service with a public API that science gateways can use to manage applications and workflows running on remote supercomputers, as well as other services. Gateway developers can thus concentrate their efforts on building their scientific communities and not worry about operations.</p><p>Science Gateway Platform as a Service (SciGaP) provides application programmer interfaces (APIs) to hosted generic infrastructure services that can be used by domain science communities to create Science Gateways.</p><p><a href=\\\\\\\"http://scigap.org/\\\\\\\">Learn more</a></p>\\\", \\\"card_bg_color\\\": \\\"\\\", \\\"card_text_color\\\": \\\"\\\", \\\"btn_text\\\": \\\"\\\", \\\"btn_color\\\": \\\"\\\", \\\"btn_link\\\": \\\"\\\", \\\"custom_class\\\": \\\"col-md-4\\\"}, \\\"id\\\": \\\"773b57c5-379e-4925-a0fa-cb972e13ecb2\\\"}, {\\\"type\\\": \\\"bootstrap_card\\\", \\\"value\\\": {\\\"card_width\\\": 30, \\\"is_card_img\\\": true, \\\"card_img\\\": 4, \\\"card_img_width\\\": 450, \\\"card_img_height\\\": 180, \\\"card_title\\\": \\\"\\\", \\\"card_text\\\": \\\"<p>Apache Airavata is a software framework which is dominantly used to build Web-based science gateways and assist to compose, manage, execute and monitor large scale applications and workflows on distributed computing resources such as local clusters, supercomputers, national grids, academic and commercial clouds. Airavata mainly supports long running applications and workflows on distributed computational resources.</p><p><a href=\\\\\\\"http://airavata.apache.org/\\\\\\\">Learn more</a></p>\\\", \\\"card_bg_color\\\": \\\"\\\", \\\"card_text_color\\\": \\\"\\\", \\\"btn_text\\\": \\\"\\\", \\\"btn_color\\\": \\\"\\\", \\\"btn_link\\\": \\\"\\\", \\\"custom_class\\\": \\\"col-md-4\\\"}, \\\"id\\\": \\\"fa47723b-1b3f-4151-a0bd-5cb84521137d\\\"}]\", \"page\": 3}]}",
    "approved_go_live_at": null
  }
},
{
  "model": "wagtailcore.pagerevision",
  "pk": 27,
  "fields": {
    "page": 3,
    "submitted_for_moderation": false,
    "created_at": "2018-04-05T23:51:43.978Z",
    "user": [
      "stephenpaul2727"
    ],
    "content_json": "{\"pk\": 3, \"path\": \"000100010001\", \"depth\": 3, \"numchild\": 0, \"title\": \"Home\", \"draft_title\": \"Home\", \"slug\": \"home\", \"content_type\": 33, \"live\": true, \"has_unpublished_changes\": false, \"url_path\": \"/home/home/\", \"owner\": 1, \"seo_title\": \"\", \"show_in_menus\": false, \"search_description\": \"\", \"go_live_at\": null, \"expire_at\": null, \"expired\": false, \"locked\": false, \"first_published_at\": \"2018-04-05T23:03:07.327Z\", \"last_published_at\": \"2018-04-05T23:50:54.052Z\", \"latest_revision_created_at\": \"2018-04-05T23:50:54.026Z\", \"live_revision\": 26, \"row\": [{\"pk\": 1, \"sort_order\": 0, \"body\": \"[{\\\"type\\\": \\\"image_block\\\", \\\"value\\\": {\\\"image\\\": 2, \\\"caption\\\": \\\"\\\", \\\"width\\\": \\\"\\\", \\\"height\\\": null, \\\"redirect_url\\\": \\\"\\\", \\\"custom_class\\\": \\\"col-md-12 mt-4\\\"}, \\\"id\\\": \\\"1460a2e8-f993-4227-a043-d19921c00828\\\"}]\", \"page\": 3}, {\"pk\": 2, \"sort_order\": 1, \"body\": \"[{\\\"type\\\": \\\"image_block\\\", \\\"value\\\": {\\\"image\\\": 1, \\\"caption\\\": \\\"\\\", \\\"width\\\": \\\"240\\\", \\\"height\\\": 60, \\\"redirect_url\\\": \\\"\\\", \\\"custom_class\\\": \\\"col-md-2 mx-auto mt-5\\\"}, \\\"id\\\": \\\"79c267c9-51a4-4cb9-8c96-6918df2b85eb\\\"}, {\\\"type\\\": \\\"heading_block\\\", \\\"value\\\": {\\\"heading_text\\\": \\\"Searching SRA Gateway\\\", \\\"size\\\": \\\"h1\\\", \\\"custom_class\\\": \\\"col-md-8 ml-auto mt-5\\\"}, \\\"id\\\": \\\"051d329e-2488-4d24-946d-89c991d3c949\\\"}]\", \"page\": 3}, {\"pk\": 3, \"sort_order\": 2, \"body\": \"[{\\\"type\\\": \\\"paragraph_block\\\", \\\"value\\\": {\\\"custom_class\\\": \\\"col-md-2 mx-auto\\\", \\\"body\\\": \\\"<h4></h4><hr/><p></p><h4><a href=\\\\\\\"http://searchsra.scigap.org/login\\\\\\\">Login</a></h4><hr/><p></p><h4><a href=\\\\\\\"http://searchsra.scigap.org/create\\\\\\\">Register</a></h4><hr/><p></p>\\\"}, \\\"id\\\": \\\"7f899743-ff1a-496c-8223-1922763f5c2f\\\"}, {\\\"type\\\": \\\"paragraph_block\\\", \\\"value\\\": {\\\"custom_class\\\": \\\"col-md-8 ml-auto\\\", \\\"body\\\": \\\"<h2>Welcome!</h2><p>The Sequence Read Archive is NCBI\\\\u2019s flagship database that makes biological sequence data available to the research community to enhance reproducibility and allow for new discoveries by comparing data sets. Searching SRA gateway is part of the joint project that will innovate a resource that will allow researchers to explore data in the SRA.</p>\\\"}, \\\"id\\\": \\\"1cddf952-fc7e-423f-9e74-b702ba43e8c4\\\"}]\", \"page\": 3}, {\"pk\": 4, \"sort_order\": 3, \"body\": \"[{\\\"type\\\": \\\"placeholder_block\\\", \\\"value\\\": {\\\"custom_class\\\": \\\"col-md-2 mx-auto\\\"}, \\\"id\\\": \\\"6c71eb29-4cde-4627-ae76-abb8e516be8d\\\"}, {\\\"type\\\": \\\"bootstrap_card\\\", \\\"value\\\": {\\\"card_width\\\": 30, \\\"is_card_img\\\": true, \\\"card_img\\\": 3, \\\"card_img_width\\\": 450, \\\"card_img_height\\\": 180, \\\"card_title\\\": \\\"\\\", \\\"card_text\\\": \\\"<p>SciGaP is a hosted service with a public API that science gateways can use to manage applications and workflows running on remote supercomputers, as well as other services. Gateway developers can thus concentrate their efforts on building their scientific communities and not worry about operations.</p><p>Science Gateway Platform as a Service (SciGaP) provides application programmer interfaces (APIs) to hosted generic infrastructure services that can be used by domain science communities to create Science Gateways.</p><p><a href=\\\\\\\"http://scigap.org/\\\\\\\">Learn more</a></p>\\\", \\\"card_bg_color\\\": \\\"\\\", \\\"card_text_color\\\": \\\"\\\", \\\"btn_text\\\": \\\"\\\", \\\"btn_color\\\": \\\"\\\", \\\"btn_link\\\": \\\"\\\", \\\"custom_class\\\": \\\"col-md-4 sponsor-cards\\\"}, \\\"id\\\": \\\"773b57c5-379e-4925-a0fa-cb972e13ecb2\\\"}, {\\\"type\\\": \\\"bootstrap_card\\\", \\\"value\\\": {\\\"card_width\\\": 30, \\\"is_card_img\\\": true, \\\"card_img\\\": 4, \\\"card_img_width\\\": 450, \\\"card_img_height\\\": 180, \\\"card_title\\\": \\\"\\\", \\\"card_text\\\": \\\"<p>Apache Airavata is a software framework which is dominantly used to build Web-based science gateways and assist to compose, manage, execute and monitor large scale applications and workflows on distributed computing resources such as local clusters, supercomputers, national grids, academic and commercial clouds. Airavata mainly supports long running applications and workflows on distributed computational resources.</p><p><a href=\\\\\\\"http://airavata.apache.org/\\\\\\\">Learn more</a></p>\\\", \\\"card_bg_color\\\": \\\"\\\", \\\"card_text_color\\\": \\\"\\\", \\\"btn_text\\\": \\\"\\\", \\\"btn_color\\\": \\\"\\\", \\\"btn_link\\\": \\\"\\\", \\\"custom_class\\\": \\\"col-md-4 sponsor-cards\\\"}, \\\"id\\\": \\\"fa47723b-1b3f-4151-a0bd-5cb84521137d\\\"}]\", \"page\": 3}]}",
    "approved_go_live_at": null
  }
},
{
  "model": "wagtailcore.pagerevision",
  "pk": 28,
  "fields": {
    "page": 3,
    "submitted_for_moderation": false,
    "created_at": "2018-04-05T23:59:07.388Z",
    "user": [
      "stephenpaul2727"
    ],
    "content_json": "{\"pk\": 3, \"path\": \"000100010001\", \"depth\": 3, \"numchild\": 0, \"title\": \"Home\", \"draft_title\": \"Home\", \"slug\": \"home\", \"content_type\": 33, \"live\": true, \"has_unpublished_changes\": false, \"url_path\": \"/home/home/\", \"owner\": 1, \"seo_title\": \"\", \"show_in_menus\": false, \"search_description\": \"\", \"go_live_at\": null, \"expire_at\": null, \"expired\": false, \"locked\": false, \"first_published_at\": \"2018-04-05T23:03:07.327Z\", \"last_published_at\": \"2018-04-05T23:51:44.013Z\", \"latest_revision_created_at\": \"2018-04-05T23:51:43.978Z\", \"live_revision\": 27, \"row\": [{\"pk\": 1, \"sort_order\": 0, \"body\": \"[{\\\"type\\\": \\\"image_block\\\", \\\"value\\\": {\\\"image\\\": 2, \\\"caption\\\": \\\"\\\", \\\"width\\\": \\\"\\\", \\\"height\\\": null, \\\"redirect_url\\\": \\\"\\\", \\\"custom_class\\\": \\\"col-md-12 mt-4\\\"}, \\\"id\\\": \\\"1460a2e8-f993-4227-a043-d19921c00828\\\"}]\", \"page\": 3}, {\"pk\": 2, \"sort_order\": 1, \"body\": \"[{\\\"type\\\": \\\"image_block\\\", \\\"value\\\": {\\\"image\\\": 1, \\\"caption\\\": \\\"\\\", \\\"width\\\": \\\"240\\\", \\\"height\\\": 60, \\\"redirect_url\\\": \\\"\\\", \\\"custom_class\\\": \\\"col-md-2 mx-auto mt-5\\\"}, \\\"id\\\": \\\"79c267c9-51a4-4cb9-8c96-6918df2b85eb\\\"}, {\\\"type\\\": \\\"heading_block\\\", \\\"value\\\": {\\\"heading_text\\\": \\\"Searching SRA Gateway\\\", \\\"size\\\": \\\"h1\\\", \\\"custom_class\\\": \\\"col-md-8 ml-auto mt-5\\\"}, \\\"id\\\": \\\"051d329e-2488-4d24-946d-89c991d3c949\\\"}]\", \"page\": 3}, {\"pk\": 3, \"sort_order\": 2, \"body\": \"[{\\\"type\\\": \\\"paragraph_block\\\", \\\"value\\\": {\\\"custom_class\\\": \\\"col-md-2 mx-auto\\\", \\\"body\\\": \\\"<h4></h4><hr/><p></p><h4><a href=\\\\\\\"http://searchsra.scigap.org/login\\\\\\\">Login</a></h4><hr/><p></p><h4><a href=\\\\\\\"http://searchsra.scigap.org/create\\\\\\\">Register</a></h4><hr/><p></p>\\\"}, \\\"id\\\": \\\"7f899743-ff1a-496c-8223-1922763f5c2f\\\"}, {\\\"type\\\": \\\"paragraph_block\\\", \\\"value\\\": {\\\"custom_class\\\": \\\"col-md-8 ml-auto\\\", \\\"body\\\": \\\"<h2>Welcome!</h2><p>The Sequence Read Archive is NCBI\\\\u2019s flagship database that makes biological sequence data available to the research community to enhance reproducibility and allow for new discoveries by comparing data sets. Searching SRA gateway is part of the joint project that will innovate a resource that will allow researchers to explore data in the SRA.</p>\\\"}, \\\"id\\\": \\\"1cddf952-fc7e-423f-9e74-b702ba43e8c4\\\"}]\", \"page\": 3}, {\"pk\": 4, \"sort_order\": 3, \"body\": \"[{\\\"type\\\": \\\"placeholder_block\\\", \\\"value\\\": {\\\"custom_class\\\": \\\"col-md-2 mx-auto\\\"}, \\\"id\\\": \\\"6c71eb29-4cde-4627-ae76-abb8e516be8d\\\"}, {\\\"type\\\": \\\"bootstrap_card\\\", \\\"value\\\": {\\\"card_width\\\": 30, \\\"is_card_img\\\": true, \\\"card_img\\\": 3, \\\"card_img_width\\\": 350, \\\"card_img_height\\\": 150, \\\"card_title\\\": \\\"\\\", \\\"card_text\\\": \\\"<p>SciGaP is a hosted service with a public API that science gateways can use to manage applications and workflows running on remote supercomputers, as well as other services. Gateway developers can thus concentrate their efforts on building their scientific communities and not worry about operations.</p><p>Science Gateway Platform as a Service (SciGaP) provides application programmer interfaces (APIs) to hosted generic infrastructure services that can be used by domain science communities to create Science Gateways.</p><p><a href=\\\\\\\"http://scigap.org/\\\\\\\">Learn more</a></p>\\\", \\\"card_bg_color\\\": \\\"\\\", \\\"card_text_color\\\": \\\"\\\", \\\"btn_text\\\": \\\"\\\", \\\"btn_color\\\": \\\"\\\", \\\"btn_link\\\": \\\"\\\", \\\"custom_class\\\": \\\"col-md-4 sponsor-cards\\\"}, \\\"id\\\": \\\"773b57c5-379e-4925-a0fa-cb972e13ecb2\\\"}, {\\\"type\\\": \\\"bootstrap_card\\\", \\\"value\\\": {\\\"card_width\\\": 30, \\\"is_card_img\\\": true, \\\"card_img\\\": 4, \\\"card_img_width\\\": 350, \\\"card_img_height\\\": 150, \\\"card_title\\\": \\\"\\\", \\\"card_text\\\": \\\"<p>Apache Airavata is a software framework which is dominantly used to build Web-based science gateways and assist to compose, manage, execute and monitor large scale applications and workflows on distributed computing resources such as local clusters, supercomputers, national grids, academic and commercial clouds. Airavata mainly supports long running applications and workflows on distributed computational resources.</p><p><a href=\\\\\\\"http://airavata.apache.org/\\\\\\\">Learn more</a></p>\\\", \\\"card_bg_color\\\": \\\"\\\", \\\"card_text_color\\\": \\\"\\\", \\\"btn_text\\\": \\\"\\\", \\\"btn_color\\\": \\\"\\\", \\\"btn_link\\\": \\\"\\\", \\\"custom_class\\\": \\\"col-md-4 sponsor-cards\\\"}, \\\"id\\\": \\\"fa47723b-1b3f-4151-a0bd-5cb84521137d\\\"}]\", \"page\": 3}]}",
    "approved_go_live_at": null
  }
},
{
  "model": "wagtailcore.pagerevision",
  "pk": 29,
  "fields": {
    "page": 3,
    "submitted_for_moderation": false,
    "created_at": "2018-04-05T23:59:50.903Z",
    "user": [
      "stephenpaul2727"
    ],
    "content_json": "{\"pk\": 3, \"path\": \"000100010001\", \"depth\": 3, \"numchild\": 0, \"title\": \"Home\", \"draft_title\": \"Home\", \"slug\": \"home\", \"content_type\": 33, \"live\": true, \"has_unpublished_changes\": false, \"url_path\": \"/home/home/\", \"owner\": 1, \"seo_title\": \"\", \"show_in_menus\": false, \"search_description\": \"\", \"go_live_at\": null, \"expire_at\": null, \"expired\": false, \"locked\": false, \"first_published_at\": \"2018-04-05T23:03:07.327Z\", \"last_published_at\": \"2018-04-05T23:59:07.419Z\", \"latest_revision_created_at\": \"2018-04-05T23:59:07.388Z\", \"live_revision\": 28, \"row\": [{\"pk\": 1, \"sort_order\": 0, \"body\": \"[{\\\"type\\\": \\\"image_block\\\", \\\"value\\\": {\\\"image\\\": 2, \\\"caption\\\": \\\"\\\", \\\"width\\\": \\\"\\\", \\\"height\\\": null, \\\"redirect_url\\\": \\\"\\\", \\\"custom_class\\\": \\\"col-md-12 mt-4\\\"}, \\\"id\\\": \\\"1460a2e8-f993-4227-a043-d19921c00828\\\"}]\", \"page\": 3}, {\"pk\": 2, \"sort_order\": 1, \"body\": \"[{\\\"type\\\": \\\"image_block\\\", \\\"value\\\": {\\\"image\\\": 1, \\\"caption\\\": \\\"\\\", \\\"width\\\": \\\"240\\\", \\\"height\\\": 60, \\\"redirect_url\\\": \\\"\\\", \\\"custom_class\\\": \\\"col-md-2 mx-auto mt-5\\\"}, \\\"id\\\": \\\"79c267c9-51a4-4cb9-8c96-6918df2b85eb\\\"}, {\\\"type\\\": \\\"heading_block\\\", \\\"value\\\": {\\\"heading_text\\\": \\\"Searching SRA Gateway\\\", \\\"size\\\": \\\"h1\\\", \\\"custom_class\\\": \\\"col-md-8 ml-auto mt-5\\\"}, \\\"id\\\": \\\"051d329e-2488-4d24-946d-89c991d3c949\\\"}]\", \"page\": 3}, {\"pk\": 3, \"sort_order\": 2, \"body\": \"[{\\\"type\\\": \\\"paragraph_block\\\", \\\"value\\\": {\\\"custom_class\\\": \\\"col-md-2 mx-auto\\\", \\\"body\\\": \\\"<h4></h4><hr/><p></p><h4><a href=\\\\\\\"http://searchsra.scigap.org/login\\\\\\\">Login</a></h4><hr/><p></p><h4><a href=\\\\\\\"http://searchsra.scigap.org/create\\\\\\\">Register</a></h4><hr/><p></p>\\\"}, \\\"id\\\": \\\"7f899743-ff1a-496c-8223-1922763f5c2f\\\"}, {\\\"type\\\": \\\"paragraph_block\\\", \\\"value\\\": {\\\"custom_class\\\": \\\"col-md-8 ml-auto\\\", \\\"body\\\": \\\"<h2>Welcome!</h2><p>The Sequence Read Archive is NCBI\\\\u2019s flagship database that makes biological sequence data available to the research community to enhance reproducibility and allow for new discoveries by comparing data sets. Searching SRA gateway is part of the joint project that will innovate a resource that will allow researchers to explore data in the SRA.</p>\\\"}, \\\"id\\\": \\\"1cddf952-fc7e-423f-9e74-b702ba43e8c4\\\"}]\", \"page\": 3}, {\"pk\": 4, \"sort_order\": 3, \"body\": \"[{\\\"type\\\": \\\"placeholder_block\\\", \\\"value\\\": {\\\"custom_class\\\": \\\"col-md-2 mx-auto\\\"}, \\\"id\\\": \\\"6c71eb29-4cde-4627-ae76-abb8e516be8d\\\"}, {\\\"type\\\": \\\"bootstrap_card\\\", \\\"value\\\": {\\\"card_width\\\": 30, \\\"is_card_img\\\": true, \\\"card_img\\\": 3, \\\"card_img_width\\\": 350, \\\"card_img_height\\\": 100, \\\"card_title\\\": \\\"\\\", \\\"card_text\\\": \\\"<p>SciGaP is a hosted service with a public API that science gateways can use to manage applications and workflows running on remote supercomputers, as well as other services. Gateway developers can thus concentrate their efforts on building their scientific communities and not worry about operations.</p><p>Science Gateway Platform as a Service (SciGaP) provides application programmer interfaces (APIs) to hosted generic infrastructure services that can be used by domain science communities to create Science Gateways.</p><p><a href=\\\\\\\"http://scigap.org/\\\\\\\">Learn more</a></p>\\\", \\\"card_bg_color\\\": \\\"\\\", \\\"card_text_color\\\": \\\"\\\", \\\"btn_text\\\": \\\"\\\", \\\"btn_color\\\": \\\"\\\", \\\"btn_link\\\": \\\"\\\", \\\"custom_class\\\": \\\"col-md-4 sponsor-cards\\\"}, \\\"id\\\": \\\"773b57c5-379e-4925-a0fa-cb972e13ecb2\\\"}, {\\\"type\\\": \\\"bootstrap_card\\\", \\\"value\\\": {\\\"card_width\\\": 30, \\\"is_card_img\\\": true, \\\"card_img\\\": 4, \\\"card_img_width\\\": 350, \\\"card_img_height\\\": 100, \\\"card_title\\\": \\\"\\\", \\\"card_text\\\": \\\"<p>Apache Airavata is a software framework which is dominantly used to build Web-based science gateways and assist to compose, manage, execute and monitor large scale applications and workflows on distributed computing resources such as local clusters, supercomputers, national grids, academic and commercial clouds. Airavata mainly supports long running applications and workflows on distributed computational resources.</p><p><a href=\\\\\\\"http://airavata.apache.org/\\\\\\\">Learn more</a></p>\\\", \\\"card_bg_color\\\": \\\"\\\", \\\"card_text_color\\\": \\\"\\\", \\\"btn_text\\\": \\\"\\\", \\\"btn_color\\\": \\\"\\\", \\\"btn_link\\\": \\\"\\\", \\\"custom_class\\\": \\\"col-md-4 sponsor-cards\\\"}, \\\"id\\\": \\\"fa47723b-1b3f-4151-a0bd-5cb84521137d\\\"}]\", \"page\": 3}]}",
    "approved_go_live_at": null
  }
},
{
  "model": "wagtailcore.pagerevision",
  "pk": 30,
  "fields": {
    "page": 3,
    "submitted_for_moderation": false,
    "created_at": "2018-04-06T00:00:15.117Z",
    "user": [
      "stephenpaul2727"
    ],
    "content_json": "{\"pk\": 3, \"path\": \"000100010001\", \"depth\": 3, \"numchild\": 0, \"title\": \"Home\", \"draft_title\": \"Home\", \"slug\": \"home\", \"content_type\": 33, \"live\": true, \"has_unpublished_changes\": false, \"url_path\": \"/home/home/\", \"owner\": 1, \"seo_title\": \"\", \"show_in_menus\": false, \"search_description\": \"\", \"go_live_at\": null, \"expire_at\": null, \"expired\": false, \"locked\": false, \"first_published_at\": \"2018-04-05T23:03:07.327Z\", \"last_published_at\": \"2018-04-05T23:59:50.929Z\", \"latest_revision_created_at\": \"2018-04-05T23:59:50.903Z\", \"live_revision\": 29, \"row\": [{\"pk\": 1, \"sort_order\": 0, \"body\": \"[{\\\"type\\\": \\\"image_block\\\", \\\"value\\\": {\\\"image\\\": 2, \\\"caption\\\": \\\"\\\", \\\"width\\\": \\\"\\\", \\\"height\\\": null, \\\"redirect_url\\\": \\\"\\\", \\\"custom_class\\\": \\\"col-md-12 mt-4\\\"}, \\\"id\\\": \\\"1460a2e8-f993-4227-a043-d19921c00828\\\"}]\", \"page\": 3}, {\"pk\": 2, \"sort_order\": 1, \"body\": \"[{\\\"type\\\": \\\"image_block\\\", \\\"value\\\": {\\\"image\\\": 1, \\\"caption\\\": \\\"\\\", \\\"width\\\": \\\"240\\\", \\\"height\\\": 60, \\\"redirect_url\\\": \\\"\\\", \\\"custom_class\\\": \\\"col-md-2 mx-auto mt-5\\\"}, \\\"id\\\": \\\"79c267c9-51a4-4cb9-8c96-6918df2b85eb\\\"}, {\\\"type\\\": \\\"heading_block\\\", \\\"value\\\": {\\\"heading_text\\\": \\\"Searching SRA Gateway\\\", \\\"size\\\": \\\"h1\\\", \\\"custom_class\\\": \\\"col-md-8 ml-auto mt-5\\\"}, \\\"id\\\": \\\"051d329e-2488-4d24-946d-89c991d3c949\\\"}]\", \"page\": 3}, {\"pk\": 3, \"sort_order\": 2, \"body\": \"[{\\\"type\\\": \\\"paragraph_block\\\", \\\"value\\\": {\\\"custom_class\\\": \\\"col-md-2 mx-auto\\\", \\\"body\\\": \\\"<h4></h4><hr/><p></p><h4><a href=\\\\\\\"http://searchsra.scigap.org/login\\\\\\\">Login</a></h4><hr/><p></p><h4><a href=\\\\\\\"http://searchsra.scigap.org/create\\\\\\\">Register</a></h4><hr/><p></p>\\\"}, \\\"id\\\": \\\"7f899743-ff1a-496c-8223-1922763f5c2f\\\"}, {\\\"type\\\": \\\"paragraph_block\\\", \\\"value\\\": {\\\"custom_class\\\": \\\"col-md-8 ml-auto\\\", \\\"body\\\": \\\"<h2>Welcome!</h2><p>The Sequence Read Archive is NCBI\\\\u2019s flagship database that makes biological sequence data available to the research community to enhance reproducibility and allow for new discoveries by comparing data sets. Searching SRA gateway is part of the joint project that will innovate a resource that will allow researchers to explore data in the SRA.</p>\\\"}, \\\"id\\\": \\\"1cddf952-fc7e-423f-9e74-b702ba43e8c4\\\"}]\", \"page\": 3}, {\"pk\": 4, \"sort_order\": 3, \"body\": \"[{\\\"type\\\": \\\"placeholder_block\\\", \\\"value\\\": {\\\"custom_class\\\": \\\"col-md-2 mx-auto\\\"}, \\\"id\\\": \\\"6c71eb29-4cde-4627-ae76-abb8e516be8d\\\"}, {\\\"type\\\": \\\"bootstrap_card\\\", \\\"value\\\": {\\\"card_width\\\": 30, \\\"is_card_img\\\": true, \\\"card_img\\\": 3, \\\"card_img_width\\\": 350, \\\"card_img_height\\\": 100, \\\"card_title\\\": \\\"\\\", \\\"card_text\\\": \\\"<p>SciGaP is a hosted service with a public API that science gateways can use to manage applications and workflows running on remote supercomputers, as well as other services. Gateway developers can thus concentrate their efforts on building their scientific communities and not worry about operations.</p><p>Science Gateway Platform as a Service (SciGaP) provides application programmer interfaces (APIs) to hosted generic infrastructure services that can be used by domain science communities to create Science Gateways.</p><p><a href=\\\\\\\"http://scigap.org/\\\\\\\">Learn more</a></p>\\\", \\\"card_bg_color\\\": \\\"\\\", \\\"card_text_color\\\": \\\"\\\", \\\"btn_text\\\": \\\"\\\", \\\"btn_color\\\": \\\"\\\", \\\"btn_link\\\": \\\"\\\", \\\"custom_class\\\": \\\"col-md-4 sponsor-cards\\\"}, \\\"id\\\": \\\"773b57c5-379e-4925-a0fa-cb972e13ecb2\\\"}, {\\\"type\\\": \\\"bootstrap_card\\\", \\\"value\\\": {\\\"card_width\\\": 30, \\\"is_card_img\\\": true, \\\"card_img\\\": 4, \\\"card_img_width\\\": 300, \\\"card_img_height\\\": 100, \\\"card_title\\\": \\\"\\\", \\\"card_text\\\": \\\"<p>Apache Airavata is a software framework which is dominantly used to build Web-based science gateways and assist to compose, manage, execute and monitor large scale applications and workflows on distributed computing resources such as local clusters, supercomputers, national grids, academic and commercial clouds. Airavata mainly supports long running applications and workflows on distributed computational resources.</p><p><a href=\\\\\\\"http://airavata.apache.org/\\\\\\\">Learn more</a></p>\\\", \\\"card_bg_color\\\": \\\"\\\", \\\"card_text_color\\\": \\\"\\\", \\\"btn_text\\\": \\\"\\\", \\\"btn_color\\\": \\\"\\\", \\\"btn_link\\\": \\\"\\\", \\\"custom_class\\\": \\\"col-md-4 sponsor-cards\\\"}, \\\"id\\\": \\\"fa47723b-1b3f-4151-a0bd-5cb84521137d\\\"}]\", \"page\": 3}]}",
    "approved_go_live_at": null
  }
},
{
  "model": "wagtailcore.pagerevision",
  "pk": 31,
  "fields": {
    "page": 4,
    "submitted_for_moderation": false,
    "created_at": "2018-04-06T00:02:02.674Z",
    "user": [
      "stephenpaul2727"
    ],
    "content_json": "{\"pk\": 4, \"path\": \"0001000100010001\", \"depth\": 4, \"numchild\": 0, \"title\": \"Documentation\", \"draft_title\": \"Documentation\", \"slug\": \"documentation\", \"content_type\": 33, \"live\": true, \"has_unpublished_changes\": false, \"url_path\": \"/home/home/documentation/\", \"owner\": 1, \"seo_title\": \"\", \"show_in_menus\": false, \"search_description\": \"\", \"go_live_at\": null, \"expire_at\": null, \"expired\": false, \"locked\": false, \"first_published_at\": null, \"last_published_at\": null, \"latest_revision_created_at\": null, \"live_revision\": null, \"row\": [{\"pk\": 5, \"sort_order\": 0, \"body\": \"[{\\\"type\\\": \\\"paragraph_block\\\", \\\"value\\\": {\\\"custom_class\\\": \\\"col-md-12 text-center mt-5\\\", \\\"body\\\": \\\"<p><b>Documentation</b></p>\\\"}, \\\"id\\\": \\\"8c9cdfd4-343f-4432-9567-5d0775a666d9\\\"}]\", \"page\": 4}]}",
    "approved_go_live_at": null
  }
},
{
  "model": "wagtailcore.pagerevision",
  "pk": 32,
  "fields": {
    "page": 4,
    "submitted_for_moderation": false,
    "created_at": "2018-04-06T00:02:19.099Z",
    "user": [
      "stephenpaul2727"
    ],
    "content_json": "{\"pk\": 4, \"path\": \"0001000100010001\", \"depth\": 4, \"numchild\": 0, \"title\": \"Documentation\", \"draft_title\": \"Documentation\", \"slug\": \"documentation\", \"content_type\": 33, \"live\": true, \"has_unpublished_changes\": false, \"url_path\": \"/home/home/documentation/\", \"owner\": 1, \"seo_title\": \"documentation\", \"show_in_menus\": true, \"search_description\": \"\", \"go_live_at\": null, \"expire_at\": null, \"expired\": false, \"locked\": false, \"first_published_at\": \"2018-04-06T00:02:02.704Z\", \"last_published_at\": \"2018-04-06T00:02:02.704Z\", \"latest_revision_created_at\": \"2018-04-06T00:02:02.674Z\", \"live_revision\": 31, \"row\": [{\"pk\": 5, \"sort_order\": 0, \"body\": \"[{\\\"type\\\": \\\"paragraph_block\\\", \\\"value\\\": {\\\"custom_class\\\": \\\"col-md-12 text-center mt-5\\\", \\\"body\\\": \\\"<p><b>Documentation</b></p>\\\"}, \\\"id\\\": \\\"8c9cdfd4-343f-4432-9567-5d0775a666d9\\\"}]\", \"page\": 4}]}",
    "approved_go_live_at": null
  }
},
{
  "model": "wagtailcore.pagerevision",
  "pk": 33,
  "fields": {
    "page": 4,
    "submitted_for_moderation": false,
    "created_at": "2018-04-06T00:05:30.513Z",
    "user": [
      "stephenpaul2727"
    ],
    "content_json": "{\"pk\": 4, \"path\": \"0001000100010001\", \"depth\": 4, \"numchild\": 0, \"title\": \"Documentation\", \"draft_title\": \"Documentation\", \"slug\": \"documentation\", \"content_type\": 33, \"live\": true, \"has_unpublished_changes\": false, \"url_path\": \"/home/home/documentation/\", \"owner\": 1, \"seo_title\": \"documentation\", \"show_in_menus\": true, \"search_description\": \"\", \"go_live_at\": null, \"expire_at\": null, \"expired\": false, \"locked\": false, \"first_published_at\": \"2018-04-06T00:02:02.704Z\", \"last_published_at\": \"2018-04-06T00:02:19.123Z\", \"latest_revision_created_at\": \"2018-04-06T00:02:19.099Z\", \"live_revision\": 32, \"row\": [{\"pk\": 5, \"sort_order\": 0, \"body\": \"[{\\\"type\\\": \\\"paragraph_block\\\", \\\"value\\\": {\\\"custom_class\\\": \\\"col-md-12 text-center mt-5\\\", \\\"body\\\": \\\"<h2><b>Documentation</b></h2>\\\"}, \\\"id\\\": \\\"8c9cdfd4-343f-4432-9567-5d0775a666d9\\\"}]\", \"page\": 4}]}",
    "approved_go_live_at": null
  }
},
{
  "model": "wagtailcore.pagerevision",
  "pk": 34,
  "fields": {
    "page": 5,
    "submitted_for_moderation": false,
    "created_at": "2018-04-06T00:06:12.198Z",
    "user": [
      "stephenpaul2727"
    ],
    "content_json": "{\"pk\": 5, \"path\": \"0001000100010002\", \"depth\": 4, \"numchild\": 0, \"title\": \"About\", \"draft_title\": \"About\", \"slug\": \"about\", \"content_type\": 33, \"live\": true, \"has_unpublished_changes\": false, \"url_path\": \"/home/home/about/\", \"owner\": 1, \"seo_title\": \"\", \"show_in_menus\": false, \"search_description\": \"\", \"go_live_at\": null, \"expire_at\": null, \"expired\": false, \"locked\": false, \"first_published_at\": null, \"last_published_at\": null, \"latest_revision_created_at\": null, \"live_revision\": null, \"row\": [{\"pk\": 6, \"sort_order\": 0, \"body\": \"[{\\\"type\\\": \\\"paragraph_block\\\", \\\"value\\\": {\\\"custom_class\\\": \\\"col-md-12 text-center mt-5\\\", \\\"body\\\": \\\"<h2><b>About</b></h2>\\\"}, \\\"id\\\": \\\"8902a118-08d2-4851-a4a0-13af0598bb78\\\"}]\", \"page\": 5}]}",
    "approved_go_live_at": null
  }
},
{
  "model": "wagtailcore.pagerevision",
  "pk": 35,
  "fields": {
    "page": 5,
    "submitted_for_moderation": false,
    "created_at": "2018-04-06T00:06:30.657Z",
    "user": [
      "stephenpaul2727"
    ],
    "content_json": "{\"pk\": 5, \"path\": \"0001000100010002\", \"depth\": 4, \"numchild\": 0, \"title\": \"About\", \"draft_title\": \"About\", \"slug\": \"about\", \"content_type\": 33, \"live\": true, \"has_unpublished_changes\": false, \"url_path\": \"/home/home/about/\", \"owner\": 1, \"seo_title\": \"about\", \"show_in_menus\": true, \"search_description\": \"\", \"go_live_at\": null, \"expire_at\": null, \"expired\": false, \"locked\": false, \"first_published_at\": \"2018-04-06T00:06:12.220Z\", \"last_published_at\": \"2018-04-06T00:06:12.220Z\", \"latest_revision_created_at\": \"2018-04-06T00:06:12.198Z\", \"live_revision\": 34, \"row\": [{\"pk\": 6, \"sort_order\": 0, \"body\": \"[{\\\"type\\\": \\\"paragraph_block\\\", \\\"value\\\": {\\\"custom_class\\\": \\\"col-md-12 text-center mt-5\\\", \\\"body\\\": \\\"<h2><b>About</b></h2>\\\"}, \\\"id\\\": \\\"8902a118-08d2-4851-a4a0-13af0598bb78\\\"}]\", \"page\": 5}]}",
    "approved_go_live_at": null
  }
},
{
  "model": "wagtailcore.pagerevision",
  "pk": 36,
  "fields": {
    "page": 6,
    "submitted_for_moderation": false,
    "created_at": "2018-04-06T00:07:14.437Z",
    "user": [
      "stephenpaul2727"
    ],
    "content_json": "{\"pk\": 6, \"path\": \"0001000100010003\", \"depth\": 4, \"numchild\": 0, \"title\": \"Contact\", \"draft_title\": \"Contact\", \"slug\": \"contact\", \"content_type\": 33, \"live\": true, \"has_unpublished_changes\": false, \"url_path\": \"/home/home/contact/\", \"owner\": 1, \"seo_title\": \"contact\", \"show_in_menus\": true, \"search_description\": \"\", \"go_live_at\": null, \"expire_at\": null, \"expired\": false, \"locked\": false, \"first_published_at\": null, \"last_published_at\": null, \"latest_revision_created_at\": null, \"live_revision\": null, \"row\": [{\"pk\": 7, \"sort_order\": 0, \"body\": \"[{\\\"type\\\": \\\"paragraph_block\\\", \\\"value\\\": {\\\"custom_class\\\": \\\"col-md-12 text-center mt-5\\\", \\\"body\\\": \\\"<h2><b>Contact</b></h2>\\\"}, \\\"id\\\": \\\"30401d0e-fa90-44e2-9838-ad604884fd45\\\"}]\", \"page\": 6}]}",
    "approved_go_live_at": null
  }
},
{
  "model": "wagtailcore.pagerevision",
  "pk": 244,
  "fields": {
    "page": 3,
    "submitted_for_moderation": false,
    "created_at": "2018-04-10T23:05:15.562Z",
    "user": [
      "stephenpaul2727"
    ],
    "content_json": "{\"pk\": 3, \"path\": \"000100010001\", \"depth\": 3, \"numchild\": 3, \"title\": \"Home\", \"draft_title\": \"Home\", \"slug\": \"home\", \"content_type\": 274, \"live\": true, \"has_unpublished_changes\": false, \"url_path\": \"/home/home/\", \"owner\": 8, \"seo_title\": \"\", \"show_in_menus\": false, \"search_description\": \"\", \"go_live_at\": null, \"expire_at\": null, \"expired\": false, \"locked\": false, \"first_published_at\": \"2018-04-05T23:03:07.327Z\", \"last_published_at\": \"2018-04-06T00:00:15.149Z\", \"latest_revision_created_at\": \"2018-04-06T00:00:15.117Z\", \"live_revision\": 30, \"show_navbar\": \"yes\", \"show_nav_extra\": \"yes\", \"row\": [{\"pk\": 1, \"sort_order\": 0, \"body\": \"[{\\\"type\\\": \\\"image_block\\\", \\\"value\\\": {\\\"image\\\": 2, \\\"caption\\\": \\\"\\\", \\\"width\\\": \\\"\\\", \\\"height\\\": null, \\\"redirect_url\\\": \\\"\\\", \\\"custom_class\\\": \\\"col-md-12 mt-4\\\"}, \\\"id\\\": \\\"1460a2e8-f993-4227-a043-d19921c00828\\\"}]\", \"page\": 3}, {\"pk\": 2, \"sort_order\": 1, \"body\": \"[{\\\"type\\\": \\\"image_block\\\", \\\"value\\\": {\\\"image\\\": 1, \\\"caption\\\": \\\"\\\", \\\"width\\\": \\\"240\\\", \\\"height\\\": 60, \\\"redirect_url\\\": \\\"\\\", \\\"custom_class\\\": \\\"col-md-2 mx-auto mt-5\\\"}, \\\"id\\\": \\\"79c267c9-51a4-4cb9-8c96-6918df2b85eb\\\"}, {\\\"type\\\": \\\"heading_block\\\", \\\"value\\\": {\\\"heading_text\\\": \\\"Searching SRA Gateway\\\", \\\"size\\\": \\\"h1\\\", \\\"custom_class\\\": \\\"col-md-8 ml-auto mt-5\\\"}, \\\"id\\\": \\\"051d329e-2488-4d24-946d-89c991d3c949\\\"}]\", \"page\": 3}, {\"pk\": 3, \"sort_order\": 2, \"body\": \"[{\\\"type\\\": \\\"paragraph_block\\\", \\\"value\\\": {\\\"custom_class\\\": \\\"col-md-2 mx-auto\\\", \\\"body\\\": \\\"<h4></h4><hr/><p></p><h4><a href=\\\\\\\"http://searchsra.scigap.org/login\\\\\\\">Login</a></h4><hr/><p></p><h4><a href=\\\\\\\"http://searchsra.scigap.org/create\\\\\\\">Register</a></h4><hr/><p></p>\\\"}, \\\"id\\\": \\\"7f899743-ff1a-496c-8223-1922763f5c2f\\\"}, {\\\"type\\\": \\\"paragraph_block\\\", \\\"value\\\": {\\\"custom_class\\\": \\\"col-md-8 ml-auto\\\", \\\"body\\\": \\\"<h2>Welcome!</h2><p>The Sequence Read Archive is NCBI\\\\u2019s flagship database that makes biological sequence data available to the research community to enhance reproducibility and allow for new discoveries by comparing data sets. Searching SRA gateway is part of the joint project that will innovate a resource that will allow researchers to explore data in the SRA.</p>\\\"}, \\\"id\\\": \\\"1cddf952-fc7e-423f-9e74-b702ba43e8c4\\\"}]\", \"page\": 3}, {\"pk\": 4, \"sort_order\": 3, \"body\": \"[{\\\"type\\\": \\\"placeholder_block\\\", \\\"value\\\": {\\\"custom_class\\\": \\\"col-md-2 mx-auto\\\"}, \\\"id\\\": \\\"6c71eb29-4cde-4627-ae76-abb8e516be8d\\\"}, {\\\"type\\\": \\\"bootstrap_card\\\", \\\"value\\\": {\\\"card_width\\\": 30, \\\"is_card_img\\\": true, \\\"card_img\\\": 3, \\\"card_img_width\\\": 350, \\\"card_img_height\\\": 100, \\\"card_title\\\": \\\"\\\", \\\"card_text\\\": \\\"<p>SciGaP is a hosted service with a public API that science gateways can use to manage applications and workflows running on remote supercomputers, as well as other services. Gateway developers can thus concentrate their efforts on building their scientific communities and not worry about operations.</p><p>Science Gateway Platform as a Service (SciGaP) provides application programmer interfaces (APIs) to hosted generic infrastructure services that can be used by domain science communities to create Science Gateways.</p><p><a href=\\\\\\\"http://scigap.org/\\\\\\\">Learn more</a></p>\\\", \\\"card_bg_color\\\": \\\"\\\", \\\"card_text_color\\\": \\\"\\\", \\\"btn_text\\\": \\\"\\\", \\\"btn_color\\\": \\\"\\\", \\\"btn_link\\\": \\\"\\\", \\\"custom_class\\\": \\\"col-md-4 sponsor-cards\\\"}, \\\"id\\\": \\\"773b57c5-379e-4925-a0fa-cb972e13ecb2\\\"}, {\\\"type\\\": \\\"bootstrap_card\\\", \\\"value\\\": {\\\"card_width\\\": 30, \\\"is_card_img\\\": true, \\\"card_img\\\": 4, \\\"card_img_width\\\": 300, \\\"card_img_height\\\": 100, \\\"card_title\\\": \\\"\\\", \\\"card_text\\\": \\\"<p>Apache Airavata is a software framework which is dominantly used to build Web-based science gateways and assist to compose, manage, execute and monitor large scale applications and workflows on distributed computing resources such as local clusters, supercomputers, national grids, academic and commercial clouds. Airavata mainly supports long running applications and workflows on distributed computational resources.</p><p><a href=\\\\\\\"http://airavata.apache.org/\\\\\\\">Learn more</a></p>\\\", \\\"card_bg_color\\\": \\\"\\\", \\\"card_text_color\\\": \\\"\\\", \\\"btn_text\\\": \\\"\\\", \\\"btn_color\\\": \\\"\\\", \\\"btn_link\\\": \\\"\\\", \\\"custom_class\\\": \\\"col-md-4 sponsor-cards\\\"}, \\\"id\\\": \\\"fa47723b-1b3f-4151-a0bd-5cb84521137d\\\"}]\", \"page\": 3}]}",
    "approved_go_live_at": null
  }
},
{
  "model": "wagtailcore.pagerevision",
  "pk": 245,
  "fields": {
    "page": 3,
    "submitted_for_moderation": false,
    "created_at": "2018-04-10T23:05:23.290Z",
    "user": [
      "stephenpaul2727"
    ],
    "content_json": "{\"pk\": 3, \"path\": \"000100010001\", \"depth\": 3, \"numchild\": 3, \"title\": \"Home\", \"draft_title\": \"Home\", \"slug\": \"home\", \"content_type\": 274, \"live\": true, \"has_unpublished_changes\": false, \"url_path\": \"/home/home/\", \"owner\": 8, \"seo_title\": \"\", \"show_in_menus\": false, \"search_description\": \"\", \"go_live_at\": null, \"expire_at\": null, \"expired\": false, \"locked\": false, \"first_published_at\": \"2018-04-05T23:03:07.327Z\", \"last_published_at\": \"2018-04-10T23:05:15.593Z\", \"latest_revision_created_at\": \"2018-04-10T23:05:15.562Z\", \"live_revision\": 244, \"show_navbar\": \"yes\", \"show_nav_extra\": \"yes\", \"row\": [{\"pk\": 1, \"sort_order\": 0, \"body\": \"[{\\\"type\\\": \\\"image_block\\\", \\\"value\\\": {\\\"image\\\": 2, \\\"caption\\\": \\\"\\\", \\\"width\\\": \\\"\\\", \\\"height\\\": null, \\\"redirect_url\\\": \\\"\\\", \\\"custom_class\\\": \\\"col-md-12 mt-4\\\"}, \\\"id\\\": \\\"1460a2e8-f993-4227-a043-d19921c00828\\\"}]\", \"page\": 3}, {\"pk\": 2, \"sort_order\": 1, \"body\": \"[{\\\"type\\\": \\\"image_block\\\", \\\"value\\\": {\\\"image\\\": 1, \\\"caption\\\": \\\"\\\", \\\"width\\\": \\\"240\\\", \\\"height\\\": 60, \\\"redirect_url\\\": \\\"\\\", \\\"custom_class\\\": \\\"col-md-2 mx-auto mt-5\\\"}, \\\"id\\\": \\\"79c267c9-51a4-4cb9-8c96-6918df2b85eb\\\"}, {\\\"type\\\": \\\"heading_block\\\", \\\"value\\\": {\\\"heading_text\\\": \\\"Searching SRA Gateway\\\", \\\"size\\\": \\\"h1\\\", \\\"custom_class\\\": \\\"col-md-8 ml-auto mt-5\\\"}, \\\"id\\\": \\\"051d329e-2488-4d24-946d-89c991d3c949\\\"}]\", \"page\": 3}, {\"pk\": 3, \"sort_order\": 2, \"body\": \"[{\\\"type\\\": \\\"paragraph_block\\\", \\\"value\\\": {\\\"custom_class\\\": \\\"col-md-2 mx-auto\\\", \\\"body\\\": \\\"<h4></h4><hr/><p></p><h4><a href=\\\\\\\"http://searchsra.scigap.org/login\\\\\\\">Login</a></h4><hr/><p></p><h4><a href=\\\\\\\"http://searchsra.scigap.org/create\\\\\\\">Register</a></h4><hr/><p></p>\\\"}, \\\"id\\\": \\\"7f899743-ff1a-496c-8223-1922763f5c2f\\\"}, {\\\"type\\\": \\\"paragraph_block\\\", \\\"value\\\": {\\\"custom_class\\\": \\\"col-md-8 ml-auto\\\", \\\"body\\\": \\\"<h2>Welcome!</h2><p>The Sequence Read Archive is NCBI\\\\u2019s flagship database that makes biological sequence data available to the research community to enhance reproducibility and allow for new discoveries by comparing data sets. Searching SRA gateway is part of the joint project that will innovate a resource that will allow researchers to explore data in the SRA.</p>\\\"}, \\\"id\\\": \\\"1cddf952-fc7e-423f-9e74-b702ba43e8c4\\\"}]\", \"page\": 3}, {\"pk\": 4, \"sort_order\": 3, \"body\": \"[{\\\"type\\\": \\\"placeholder_block\\\", \\\"value\\\": {\\\"custom_class\\\": \\\"col-md-2 mx-auto\\\"}, \\\"id\\\": \\\"6c71eb29-4cde-4627-ae76-abb8e516be8d\\\"}, {\\\"type\\\": \\\"bootstrap_card\\\", \\\"value\\\": {\\\"card_width\\\": 30, \\\"is_card_img\\\": true, \\\"card_img\\\": 3, \\\"card_img_width\\\": 350, \\\"card_img_height\\\": 100, \\\"card_title\\\": \\\"\\\", \\\"card_text\\\": \\\"<p>SciGaP is a hosted service with a public API that science gateways can use to manage applications and workflows running on remote supercomputers, as well as other services. Gateway developers can thus concentrate their efforts on building their scientific communities and not worry about operations.</p><p>Science Gateway Platform as a Service (SciGaP) provides application programmer interfaces (APIs) to hosted generic infrastructure services that can be used by domain science communities to create Science Gateways.</p><p><a href=\\\\\\\"http://scigap.org/\\\\\\\">Learn more</a></p>\\\", \\\"card_bg_color\\\": \\\"\\\", \\\"card_text_color\\\": \\\"\\\", \\\"btn_text\\\": \\\"\\\", \\\"btn_color\\\": \\\"\\\", \\\"btn_link\\\": \\\"\\\", \\\"custom_class\\\": \\\"col-md-4 sponsor-cards\\\"}, \\\"id\\\": \\\"773b57c5-379e-4925-a0fa-cb972e13ecb2\\\"}, {\\\"type\\\": \\\"bootstrap_card\\\", \\\"value\\\": {\\\"card_width\\\": 30, \\\"is_card_img\\\": true, \\\"card_img\\\": 4, \\\"card_img_width\\\": 300, \\\"card_img_height\\\": 100, \\\"card_title\\\": \\\"\\\", \\\"card_text\\\": \\\"<p>Apache Airavata is a software framework which is dominantly used to build Web-based science gateways and assist to compose, manage, execute and monitor large scale applications and workflows on distributed computing resources such as local clusters, supercomputers, national grids, academic and commercial clouds. Airavata mainly supports long running applications and workflows on distributed computational resources.</p><p><a href=\\\\\\\"http://airavata.apache.org/\\\\\\\">Learn more</a></p>\\\", \\\"card_bg_color\\\": \\\"\\\", \\\"card_text_color\\\": \\\"\\\", \\\"btn_text\\\": \\\"\\\", \\\"btn_color\\\": \\\"\\\", \\\"btn_link\\\": \\\"\\\", \\\"custom_class\\\": \\\"col-md-4 sponsor-cards\\\"}, \\\"id\\\": \\\"fa47723b-1b3f-4151-a0bd-5cb84521137d\\\"}]\", \"page\": 3}]}",
    "approved_go_live_at": null
  }
},
{
  "model": "wagtailcore.pagerevision",
  "pk": 246,
  "fields": {
    "page": 4,
    "submitted_for_moderation": false,
    "created_at": "2018-04-10T23:05:33.391Z",
    "user": [
      "stephenpaul2727"
    ],
    "content_json": "{\"pk\": 4, \"path\": \"0001000100010001\", \"depth\": 4, \"numchild\": 0, \"title\": \"Documentation\", \"draft_title\": \"Documentation\", \"slug\": \"documentation\", \"content_type\": 274, \"live\": true, \"has_unpublished_changes\": false, \"url_path\": \"/home/home/documentation/\", \"owner\": 8, \"seo_title\": \"documentation\", \"show_in_menus\": true, \"search_description\": \"\", \"go_live_at\": null, \"expire_at\": null, \"expired\": false, \"locked\": false, \"first_published_at\": \"2018-04-06T00:02:02.704Z\", \"last_published_at\": \"2018-04-06T00:05:30.538Z\", \"latest_revision_created_at\": \"2018-04-06T00:05:30.513Z\", \"live_revision\": 33, \"show_navbar\": \"yes\", \"show_nav_extra\": \"yes\", \"row\": [{\"pk\": 5, \"sort_order\": 0, \"body\": \"[{\\\"type\\\": \\\"paragraph_block\\\", \\\"value\\\": {\\\"custom_class\\\": \\\"col-md-12 text-center mt-5\\\", \\\"body\\\": \\\"<h2><b>Documentation</b></h2>\\\"}, \\\"id\\\": \\\"8c9cdfd4-343f-4432-9567-5d0775a666d9\\\"}]\", \"page\": 4}]}",
    "approved_go_live_at": null
  }
},
{
  "model": "wagtailcore.pagerevision",
  "pk": 247,
  "fields": {
    "page": 5,
    "submitted_for_moderation": false,
    "created_at": "2018-04-10T23:05:42.563Z",
    "user": [
      "stephenpaul2727"
    ],
    "content_json": "{\"pk\": 5, \"path\": \"0001000100010002\", \"depth\": 4, \"numchild\": 0, \"title\": \"About\", \"draft_title\": \"About\", \"slug\": \"about\", \"content_type\": 274, \"live\": true, \"has_unpublished_changes\": false, \"url_path\": \"/home/home/about/\", \"owner\": 8, \"seo_title\": \"about\", \"show_in_menus\": true, \"search_description\": \"\", \"go_live_at\": null, \"expire_at\": null, \"expired\": false, \"locked\": false, \"first_published_at\": \"2018-04-06T00:06:12.220Z\", \"last_published_at\": \"2018-04-06T00:06:30.678Z\", \"latest_revision_created_at\": \"2018-04-06T00:06:30.657Z\", \"live_revision\": 35, \"show_navbar\": \"yes\", \"show_nav_extra\": \"yes\", \"row\": [{\"pk\": 6, \"sort_order\": 0, \"body\": \"[{\\\"type\\\": \\\"paragraph_block\\\", \\\"value\\\": {\\\"custom_class\\\": \\\"col-md-12 text-center mt-5\\\", \\\"body\\\": \\\"<h2><b>About</b></h2>\\\"}, \\\"id\\\": \\\"8902a118-08d2-4851-a4a0-13af0598bb78\\\"}]\", \"page\": 5}]}",
    "approved_go_live_at": null
  }
},
{
  "model": "wagtailcore.pagerevision",
  "pk": 248,
  "fields": {
    "page": 6,
    "submitted_for_moderation": false,
    "created_at": "2018-04-10T23:06:01.342Z",
    "user": [
      "stephenpaul2727"
    ],
    "content_json": "{\"pk\": 6, \"path\": \"0001000100010003\", \"depth\": 4, \"numchild\": 0, \"title\": \"Contact\", \"draft_title\": \"Contact\", \"slug\": \"contact\", \"content_type\": 274, \"live\": true, \"has_unpublished_changes\": false, \"url_path\": \"/home/home/contact/\", \"owner\": 8, \"seo_title\": \"contact\", \"show_in_menus\": true, \"search_description\": \"\", \"go_live_at\": null, \"expire_at\": null, \"expired\": false, \"locked\": false, \"first_published_at\": \"2018-04-06T00:07:14.453Z\", \"last_published_at\": \"2018-04-06T00:07:14.453Z\", \"latest_revision_created_at\": \"2018-04-06T00:07:14.437Z\", \"live_revision\": 36, \"show_navbar\": \"yes\", \"show_nav_extra\": \"yes\", \"row\": [{\"pk\": 7, \"sort_order\": 0, \"body\": \"[{\\\"type\\\": \\\"paragraph_block\\\", \\\"value\\\": {\\\"custom_class\\\": \\\"col-md-12 text-center mt-5\\\", \\\"body\\\": \\\"<h2><b>Contact</b></h2>\\\"}, \\\"id\\\": \\\"30401d0e-fa90-44e2-9838-ad604884fd45\\\"}]\", \"page\": 6}]}",
    "approved_go_live_at": null
  }
},
{
  "model": "wagtailcore.collection",
  "pk": 1,
  "fields": {
    "path": "0001",
    "depth": 1,
    "numchild": 0,
    "name": "Root"
  }
},
{
  "model": "taggit.tag",
  "pk": 1,
  "fields": {
    "name": "logo searching-sra",
    "slug": "logo-searching-sra"
  }
},
{
  "model": "taggit.tag",
  "pk": 2,
  "fields": {
    "name": "sra",
    "slug": "sra"
  }
},
{
  "model": "taggit.tag",
  "pk": 3,
  "fields": {
    "name": "banner",
    "slug": "banner"
  }
},
{
  "model": "taggit.tag",
  "pk": 4,
  "fields": {
    "name": "scigap",
    "slug": "scigap"
  }
},
{
  "model": "taggit.tag",
  "pk": 5,
  "fields": {
    "name": "logo",
    "slug": "logo"
  }
},
{
  "model": "taggit.tag",
  "pk": 6,
  "fields": {
    "name": "airavata",
    "slug": "airavata"
  }
},
{
  "model": "taggit.taggeditem",
  "pk": 1,
  "fields": {
    "tag": 1,
    "content_type": [
      "wagtailimages",
      "image"
    ],
    "object_id": 1
  }
},
{
  "model": "taggit.taggeditem",
  "pk": 2,
  "fields": {
    "tag": 2,
    "content_type": [
      "wagtailimages",
      "image"
    ],
    "object_id": 2
  }
},
{
  "model": "taggit.taggeditem",
  "pk": 3,
  "fields": {
    "tag": 3,
    "content_type": [
      "wagtailimages",
      "image"
    ],
    "object_id": 2
  }
},
{
  "model": "taggit.taggeditem",
  "pk": 4,
  "fields": {
    "tag": 4,
    "content_type": [
      "wagtailimages",
      "image"
    ],
    "object_id": 3
  }
},
{
  "model": "taggit.taggeditem",
  "pk": 5,
  "fields": {
    "tag": 5,
    "content_type": [
      "wagtailimages",
      "image"
    ],
    "object_id": 3
  }
},
{
  "model": "taggit.taggeditem",
  "pk": 6,
  "fields": {
    "tag": 5,
    "content_type": [
      "wagtailimages",
      "image"
    ],
    "object_id": 4
  }
},
{
  "model": "taggit.taggeditem",
  "pk": 7,
  "fields": {
    "tag": 6,
    "content_type": [
      "wagtailimages",
      "image"
    ],
    "object_id": 4
  }
},
{
  "model": "django_airavata_wagtail_base.customcss",
  "pk": 1,
  "fields": {
    "css": "[{\"type\": \"css_comment\", \"value\": {\"message\": \"-----navbar styles----\"}, \"id\": \"f4355b2e-dd22-4a1b-b570-f15ec9eb0df4\"}, {\"type\": \"css_block\", \"value\": \".main-nav {\\r\\nbackground: #FFFFFF;\\r\\nheight: 73px;\\r\\n}\\r\\n.main-nav a {\\r\\ncolor: #5e91e5 !important;\\r\\n}\\r\\n.main-nav a:hover {\\r\\nbackground-color: #efefef;\\r\\n}\\r\\n.main-nav ul {\\r\\nfont-size: 18px;\\r\\n}\", \"id\": \"1d20d1b8-c531-413d-8783-7fd5e98d41c6\"}, {\"type\": \"css_comment\", \"value\": {\"message\": \"------ second nav styles-------\"}, \"id\": \"2c6ad41f-9eb1-4321-9a08-efcaeaba7181\"}, {\"type\": \"css_block\", \"value\": \".second-nav {\\r\\nbackground: #1C293C;\\r\\npadding: 10px;\\r\\n}\\r\\n.second-nav a {\\r\\ncolor: #999;\\r\\n}\\r\\n.second-nav a:hover {\\r\\ncolor: #FFFFFF;\\r\\n}\", \"id\": \"b482aebf-0b18-4dc3-8c9d-819124285160\"}, {\"type\": \"css_comment\", \"value\": {\"message\": \"------sponsor logo on home page styles------\"}, \"id\": \"37dea527-a577-417e-b54f-21ffa48611ed\"}, {\"type\": \"css_block\", \"value\": \".card {\\r\\nborder:none !important;\\r\\n}\", \"id\": \"20e9fed6-5885-439c-992f-1286101808f9\"}]"
  }
},
{
  "model": "django_airavata_wagtail_base.navbar",
  "pk": 1,
  "fields": {
    "logo": 1,
    "logo_redirect_link": "/",
    "logo_width": 400,
    "logo_height": null,
    "logo_text": null,
    "logo_text_color": null,
    "logo_text_size": null
  }
},
{
  "model": "django_airavata_wagtail_base.rowblankpagerelation",
  "pk": 1,
  "fields": {
    "sort_order": 0,
    "body": "[{\"type\": \"image_block\", \"value\": {\"image\": 2, \"caption\": \"\", \"width\": \"\", \"height\": null, \"redirect_url\": \"\", \"custom_class\": \"col-md-12 mt-4\"}, \"id\": \"1460a2e8-f993-4227-a043-d19921c00828\"}]",
    "page": 3
  }
},
{
  "model": "django_airavata_wagtail_base.rowblankpagerelation",
  "pk": 2,
  "fields": {
    "sort_order": 1,
    "body": "[{\"type\": \"image_block\", \"value\": {\"image\": 1, \"caption\": \"\", \"width\": \"240\", \"height\": 60, \"redirect_url\": \"\", \"custom_class\": \"col-md-2 mx-auto mt-5\"}, \"id\": \"79c267c9-51a4-4cb9-8c96-6918df2b85eb\"}, {\"type\": \"heading_block\", \"value\": {\"heading_text\": \"Searching SRA Gateway\", \"size\": \"h1\", \"custom_class\": \"col-md-8 ml-auto mt-5\"}, \"id\": \"051d329e-2488-4d24-946d-89c991d3c949\"}]",
    "page": 3
  }
},
{
  "model": "django_airavata_wagtail_base.rowblankpagerelation",
  "pk": 3,
  "fields": {
    "sort_order": 2,
    "body": "[{\"type\": \"paragraph_block\", \"value\": {\"custom_class\": \"col-md-2 mx-auto\", \"body\": \"<h4></h4><hr/><p></p><h4><a href=\\\"http://searchsra.scigap.org/login\\\">Login</a></h4><hr/><p></p><h4><a href=\\\"http://searchsra.scigap.org/create\\\">Register</a></h4><hr/><p></p>\"}, \"id\": \"7f899743-ff1a-496c-8223-1922763f5c2f\"}, {\"type\": \"paragraph_block\", \"value\": {\"custom_class\": \"col-md-8 ml-auto\", \"body\": \"<h2>Welcome!</h2><p>The Sequence Read Archive is NCBI\\u2019s flagship database that makes biological sequence data available to the research community to enhance reproducibility and allow for new discoveries by comparing data sets. Searching SRA gateway is part of the joint project that will innovate a resource that will allow researchers to explore data in the SRA.</p>\"}, \"id\": \"1cddf952-fc7e-423f-9e74-b702ba43e8c4\"}]",
    "page": 3
  }
},
{
  "model": "django_airavata_wagtail_base.rowblankpagerelation",
  "pk": 4,
  "fields": {
    "sort_order": 3,
    "body": "[{\"type\": \"placeholder_block\", \"value\": {\"custom_class\": \"col-md-2 mx-auto\"}, \"id\": \"6c71eb29-4cde-4627-ae76-abb8e516be8d\"}, {\"type\": \"bootstrap_card\", \"value\": {\"card_width\": 30, \"is_card_img\": true, \"card_img\": 3, \"card_img_width\": 350, \"card_img_height\": 100, \"card_title\": \"\", \"card_text\": \"<p>SciGaP is a hosted service with a public API that science gateways can use to manage applications and workflows running on remote supercomputers, as well as other services. Gateway developers can thus concentrate their efforts on building their scientific communities and not worry about operations.</p><p>Science Gateway Platform as a Service (SciGaP) provides application programmer interfaces (APIs) to hosted generic infrastructure services that can be used by domain science communities to create Science Gateways.</p><p><a href=\\\"http://scigap.org/\\\">Learn more</a></p>\", \"card_bg_color\": \"\", \"card_text_color\": \"\", \"btn_text\": \"\", \"btn_color\": \"\", \"btn_link\": \"\", \"custom_class\": \"col-md-4 sponsor-cards\"}, \"id\": \"773b57c5-379e-4925-a0fa-cb972e13ecb2\"}, {\"type\": \"bootstrap_card\", \"value\": {\"card_width\": 30, \"is_card_img\": true, \"card_img\": 4, \"card_img_width\": 300, \"card_img_height\": 100, \"card_title\": \"\", \"card_text\": \"<p>Apache Airavata is a software framework which is dominantly used to build Web-based science gateways and assist to compose, manage, execute and monitor large scale applications and workflows on distributed computing resources such as local clusters, supercomputers, national grids, academic and commercial clouds. Airavata mainly supports long running applications and workflows on distributed computational resources.</p><p><a href=\\\"http://airavata.apache.org/\\\">Learn more</a></p>\", \"card_bg_color\": \"\", \"card_text_color\": \"\", \"btn_text\": \"\", \"btn_color\": \"\", \"btn_link\": \"\", \"custom_class\": \"col-md-4 sponsor-cards\"}, \"id\": \"fa47723b-1b3f-4151-a0bd-5cb84521137d\"}]",
    "page": 3
  }
},
{
  "model": "django_airavata_wagtail_base.rowblankpagerelation",
  "pk": 5,
  "fields": {
    "sort_order": 0,
    "body": "[{\"type\": \"paragraph_block\", \"value\": {\"custom_class\": \"col-md-12 text-center mt-5\", \"body\": \"<h2><b>Documentation</b></h2>\"}, \"id\": \"8c9cdfd4-343f-4432-9567-5d0775a666d9\"}]",
    "page": 4
  }
},
{
  "model": "django_airavata_wagtail_base.rowblankpagerelation",
  "pk": 6,
  "fields": {
    "sort_order": 0,
    "body": "[{\"type\": \"paragraph_block\", \"value\": {\"custom_class\": \"col-md-12 text-center mt-5\", \"body\": \"<h2><b>About</b></h2>\"}, \"id\": \"8902a118-08d2-4851-a4a0-13af0598bb78\"}]",
    "page": 5
  }
},
{
  "model": "django_airavata_wagtail_base.rowblankpagerelation",
  "pk": 7,
  "fields": {
    "sort_order": 0,
    "body": "[{\"type\": \"paragraph_block\", \"value\": {\"custom_class\": \"col-md-12 text-center mt-5\", \"body\": \"<h2><b>Contact</b></h2>\"}, \"id\": \"30401d0e-fa90-44e2-9838-ad604884fd45\"}]",
    "page": 6
  }
},
{
  "model": "django_airavata_wagtail_base.blankpage",
  "pk": 3,
  "fields": {
    "show_navbar": "yes",
    "show_nav_extra": "yes"
  }
},
{
  "model": "django_airavata_wagtail_base.blankpage",
  "pk": 4,
  "fields": {
    "show_navbar": "yes",
    "show_nav_extra": "yes"
  }
},
{
  "model": "django_airavata_wagtail_base.blankpage",
  "pk": 5,
  "fields": {
    "show_navbar": "yes",
    "show_nav_extra": "yes"
  }
},
{
  "model": "django_airavata_wagtail_base.blankpage",
  "pk": 6,
  "fields": {
    "show_navbar": "yes",
    "show_nav_extra": "yes"
  }
}
]
